{
"meta":{"test_sets":[],"test_metrics":[],"learn_metrics":[{"best_value":"Min","name":"RMSE"}],"launch_mode":"Train","parameters":"","iteration_count":1000,"learn_sets":["learn"],"name":"experiment"},
"iterations":[
{"learn":[0.01794854417],"iteration":0,"passed_time":0.2428873792,"remaining_time":242.644491,
,
{"learn":[0.01694159348],"iteration":1,"passed_time":0.3478244726,"remaining_time":173.564411,
,
{"learn":[0.01604998432],"iteration":2,"passed_time":0.4365820094,"remaining_time":145.090754,
,
{"learn":[0.01526876863],"iteration":3,"passed_time":0.5291544406,"remaining_time":131.7594557},
{"learn":[0.01458274069],"iteration":4,"passed_time":0.6459193981,"remaining_time":128.5379602},
{"learn":[0.01398023439],"iteration":5,"passed_time":0.7640990889,"remaining_time":126.5857491},
{"learn":[0.01343040022],"iteration":6,"passed_time":0.8938629048,"remaining_time":126.8008378},
{"learn":[0.01295023059],"iteration":7,"passed_time":0.9846058219,"remaining_time":122.0911219},
{"learn":[0.01253065137],"iteration":8,"passed_time":1.090713511,"remaining_time":120.0996766},
{"learn":[0.01214945126],"iteration":9,"passed_time":1.169473792,"remaining_time":115.7779054},
{"learn":[0.01181224617],"iteration":10,"passed_time":1.259870503,"remaining_time":113.2738116},
{"learn":[0.01151538086],"iteration":11,"passed_time":1.351066883,"remaining_time":111.23784},
{"learn":[0.01125262579],"iteration":12,"passed_time":1.446995823,"remaining_time":109.8603752},
{"learn":[0.01102727699],"iteration":13,"passed_time":1.536372344,"remaining_time":108.2045094},
{"learn":[0.01080922317],"iteration":14,"passed_time":1.6227121,"remaining_time":106.5580946},
{"learn":[0.01062386517],"iteration":15,"passed_time":1.717060826,"remaining_time":105.5992408},
{"learn":[0.01045788382],"iteration":16,"passed_time":1.818161502,"remaining_time":105.1325151},
{"learn":[0.01030648584],"iteration":17,"passed_time":1.900673061,"remaining_time":103.6922748},
{"learn":[0.0101694354],"iteration":18,"passed_time":1.995340224,"remaining_time":103.0225663},
{"learn":[0.0100224795],"iteration":19,"passed_time":2.075695222,"remaining_time":101.7090659},
{"learn":[0.009916829494],"iteration":20,"passed_time":2.162643457,"remaining_time":100.8203783},
{"learn":[0.009820090733],"iteration":21,"passed_time":2.270918165,"remaining_time":100.9526348},
{"learn":[0.009703706799],"iteration":22,"passed_time":2.36445234,"remaining_time":100.4378233},
{"learn":[0.009622208284],"iteration":23,"passed_time":2.445279338,"remaining_time":99.44135975},
{"learn":[0.009537537961],"iteration":24,"passed_time":2.558549917,"remaining_time":99.78344676},
{"learn":[0.009466787225],"iteration":25,"passed_time":2.644312628,"remaining_time":99.06001921},
{"learn":[0.00940071256],"iteration":26,"passed_time":2.72497032,"remaining_time":98.19985633},
{"learn":[0.009346463489],"iteration":27,"passed_time":2.825467319,"remaining_time":98.08407978},
{"learn":[0.009289450313],"iteration":28,"passed_time":2.929338458,"remaining_time":98.08233252},
{"learn":[0.009239399702],"iteration":29,"passed_time":3.009941403,"remaining_time":97.32143868},
{"learn":[0.009194038166],"iteration":30,"passed_time":3.094867199,"remaining_time":96.73955858},
{"learn":[0.009116575344],"iteration":31,"passed_time":3.189909642,"remaining_time":96.49476667},
{"learn":[0.009082009921],"iteration":32,"passed_time":3.264998968,"remaining_time":95.67436371},
{"learn":[0.009048202043],"iteration":33,"passed_time":3.360187559,"remaining_time":95.46885829},
{"learn":[0.008999241374],"iteration":34,"passed_time":3.454756669,"remaining_time":95.25257673},
{"learn":[0.00896318508],"iteration":35,"passed_time":3.553388235,"remaining_time":95.15184052},
{"learn":[0.00893450854],"iteration":36,"passed_time":3.657141722,"remaining_time":95.18452643},
{"learn":[0.00889861289],"iteration":37,"passed_time":3.783754855,"remaining_time":95.78874133},
{"learn":[0.008868797633],"iteration":38,"passed_time":3.881238406,"remaining_time":95.63769508},
{"learn":[0.008842211169],"iteration":39,"passed_time":3.978600334,"remaining_time":95.48640802},
{"learn":[0.00881944808],"iteration":40,"passed_time":4.062291581,"remaining_time":95.01799088},
{"learn":[0.008742433982],"iteration":41,"passed_time":4.150664084,"remaining_time":94.67467125},
{"learn":[0.008697801802],"iteration":42,"passed_time":4.241264295,"remaining_time":94.39278908},
{"learn":[0.008662399875],"iteration":43,"passed_time":4.36876767,"remaining_time":94.92140664},
{"learn":[0.008631033743],"iteration":44,"passed_time":4.45224669,"remaining_time":94.48656864},
{"learn":[0.008594839717],"iteration":45,"passed_time":4.533391742,"remaining_time":94.01860265},
{"learn":[0.008569575085],"iteration":46,"passed_time":4.633850605,"remaining_time":93.95871545},
{"learn":[0.008514035298],"iteration":47,"passed_time":4.716373578,"remaining_time":93.5414093},
{"learn":[0.008491990879],"iteration":48,"passed_time":4.799627593,"remaining_time":93.15195593},
{"learn":[0.008477075355],"iteration":49,"passed_time":4.924025912,"remaining_time":93.55649232},
{"learn":[0.008442026099],"iteration":50,"passed_time":5.001564333,"remaining_time":93.06832454},
{"learn":[0.008404843863],"iteration":51,"passed_time":5.133742079,"remaining_time":93.59206712},
{"learn":[0.008387576293],"iteration":52,"passed_time":5.212206689,"remaining_time":93.13131574},
{"learn":[0.00837420538],"iteration":53,"passed_time":5.311199795,"remaining_time":93.04435196},
{"learn":[0.00836029894],"iteration":54,"passed_time":5.376516331,"remaining_time":92.37832605},
{"learn":[0.008333495069],"iteration":55,"passed_time":5.444246064,"remaining_time":91.77443364},
{"learn":[0.008324626774],"iteration":56,"passed_time":5.508844308,"remaining_time":91.13754706},
{"learn":[0.00830880657],"iteration":57,"passed_time":5.588781894,"remaining_time":90.76952663},
{"learn":[0.008300086121],"iteration":58,"passed_time":5.688775534,"remaining_time":90.73114878},
{"learn":[0.008261538404],"iteration":59,"passed_time":5.787183987,"remaining_time":90.66588246},
{"learn":[0.008236389224],"iteration":60,"passed_time":5.936508039,"remaining_time":91.38329588},
{"learn":[0.008211634327],"iteration":61,"passed_time":6.029551933,"remaining_time":91.2212857},
{"learn":[0.008189476638],"iteration":62,"passed_time":6.105154676,"remaining_time":90.80206241},
{"learn":[0.008182172841],"iteration":63,"passed_time":6.192269718,"remaining_time":90.56194463},
{"learn":[0.008162017909],"iteration":64,"passed_time":6.273103595,"remaining_time":90.23618248},
{"learn":[0.008152636558],"iteration":65,"passed_time":6.369235423,"remaining_time":90.13433159},
{"learn":[0.008134960139],"iteration":66,"passed_time":6.47304171,"remaining_time":90.13952112},
{"learn":[0.008128446024],"iteration":67,"passed_time":6.589167368,"remaining_time":90.31035275},
{"learn":[0.008122634736],"iteration":68,"passed_time":6.658975503,"remaining_time":89.84791584},
{"learn":[0.008117431346],"iteration":69,"passed_time":6.740680734,"remaining_time":89.55475832},
{"learn":[0.008109577526],"iteration":70,"passed_time":6.85466696,"remaining_time":89.68993811},
{"learn":[0.008088316045],"iteration":71,"passed_time":6.939145881,"remaining_time":89.43788024},
{"learn":[0.008078696737],"iteration":72,"passed_time":7.026621277,"remaining_time":89.22846471},
{"learn":[0.008062470622],"iteration":73,"passed_time":7.130337239,"remaining_time":89.22557139},
{"learn":[0.008054564818],"iteration":74,"passed_time":7.2079896,"remaining_time":88.8985384},
{"learn":[0.008039998823],"iteration":75,"passed_time":7.299110791,"remaining_time":88.74182067},
{"learn":[0.008014137671],"iteration":76,"passed_time":7.407238688,"remaining_time":88.79066635},
{"learn":[0.0080026646],"iteration":77,"passed_time":7.494311258,"remaining_time":88.58660231},
{"learn":[0.007986913408],"iteration":78,"passed_time":7.568905996,"remaining_time":88.24003066},
{"learn":[0.007978498636],"iteration":79,"passed_time":7.654379973,"remaining_time":88.02536969},
{"learn":[0.007971537812],"iteration":80,"passed_time":7.757529691,"remaining_time":88.01444181},
{"learn":[0.007942689858],"iteration":81,"passed_time":7.859004282,"remaining_time":87.98251136},
{"learn":[0.007938534897],"iteration":82,"passed_time":7.922996013,"remaining_time":87.53478728},
{"learn":[0.007927192134],"iteration":83,"passed_time":8.002030558,"remaining_time":87.26023799},
{"learn":[0.007915872891],"iteration":84,"passed_time":8.091804202,"remaining_time":87.1058923},
{"learn":[0.007902488024],"iteration":85,"passed_time":8.173154425,"remaining_time":86.86352494},
{"learn":[0.007884667722],"iteration":86,"passed_time":8.258508567,"remaining_time":86.66687726},
{"learn":[0.007869177088],"iteration":87,"passed_time":8.332232712,"remaining_time":86.35222992},
{"learn":[0.007859357547],"iteration":88,"passed_time":8.43763123,"remaining_time":86.36721405},
{"learn":[0.007849186156],"iteration":89,"passed_time":8.555557418,"remaining_time":86.50619167},
{"learn":[0.007834755684],"iteration":90,"passed_time":8.659040938,"remaining_time":86.49525509},
{"learn":[0.007818544698],"iteration":91,"passed_time":8.772230077,"remaining_time":86.57809685},
{"learn":[0.007812489353],"iteration":92,"passed_time":8.928161369,"remaining_time":87.07357378},
{"learn":[0.007806743327],"iteration":93,"passed_time":9.045256119,"remaining_time":87.18087281},
{"learn":[0.00780021951],"iteration":94,"passed_time":9.159508645,"remaining_time":87.25637183},
{"learn":[0.007779925206],"iteration":95,"passed_time":9.279185513,"remaining_time":87.37899692},
{"learn":[0.007770176551],"iteration":96,"passed_time":9.397969725,"remaining_time":87.4883161},
{"learn":[0.007757281145],"iteration":97,"passed_time":9.484852363,"remaining_time":87.29935542},
{"learn":[0.007749822011],"iteration":98,"passed_time":9.573884794,"remaining_time":87.13202222},
{"learn":[0.007741319408],"iteration":99,"passed_time":9.69149242,"remaining_time":87.22343178},
{"learn":[0.007737337499],"iteration":100,"passed_time":9.817281132,"remaining_time":87.38352215},
{"learn":[0.007720238265],"iteration":101,"passed_time":9.956092081,"remaining_time":87.65265381},
{"learn":[0.007714681953],"iteration":102,"passed_time":10.0545904,"remaining_time":87.56279211},
{"learn":[0.007698895557],"iteration":103,"passed_time":10.18952164,"remaining_time":87.78664798},
{"learn":[0.007694180567],"iteration":104,"passed_time":10.30230008,"remaining_time":87.81484353},
{"learn":[0.007685414474],"iteration":105,"passed_time":10.4234454,"remaining_time":87.91094515},
{"learn":[0.007674607132],"iteration":106,"passed_time":10.5524282,"remaining_time":88.06839607},
{"learn":[0.007670359947],"iteration":107,"passed_time":10.66321247,"remaining_time":88.07023631},
{"learn":[0.007661200354],"iteration":108,"passed_time":10.73286611,"remaining_time":87.73379543},
{"learn":[0.007650478875],"iteration":109,"passed_time":10.85887754,"remaining_time":87.85819102},
{"learn":[0.007643269724],"iteration":110,"passed_time":10.96192383,"remaining_time":87.79414673},
{"learn":[0.007639271202],"iteration":111,"passed_time":11.04068686,"remaining_time":87.53687437},
{"learn":[0.007630239765],"iteration":112,"passed_time":11.15427384,"remaining_time":87.55611412},
{"learn":[0.007626090404],"iteration":113,"passed_time":11.24704588,"remaining_time":87.41125131},
{"learn":[0.007619596396],"iteration":114,"passed_time":11.30604532,"remaining_time":87.00739228},
{"learn":[0.007608775847],"iteration":115,"passed_time":11.39068252,"remaining_time":86.80485646},
{"learn":[0.007595299913],"iteration":116,"passed_time":11.4726365,"remaining_time":86.58408573},
{"learn":[0.007581658936],"iteration":117,"passed_time":11.58417378,"remaining_time":86.58679044},
{"learn":[0.007579534264],"iteration":118,"passed_time":11.69112351,"remaining_time":86.5536119},
{"learn":[0.007569795768],"iteration":119,"passed_time":11.87053526,"remaining_time":87.05059192},
{"learn":[0.007566166349],"iteration":120,"passed_time":11.95512757,"remaining_time":86.84757963},
{"learn":[0.007552964215],"iteration":121,"passed_time":12.05217855,"remaining_time":86.7361702},
{"learn":[0.007543638608],"iteration":122,"passed_time":12.14517267,"remaining_time":86.59606852},
{"learn":[0.007534536175],"iteration":123,"passed_time":12.2526501,"remaining_time":86.55904423},
{"learn":[0.007524992754],"iteration":124,"passed_time":12.34480722,"remaining_time":86.41365054},
{"learn":[0.007515196173],"iteration":125,"passed_time":12.4514331,"remaining_time":86.3694645},
{"learn":[0.00750915212],"iteration":126,"passed_time":12.55192706,"remaining_time":86.28214427},
{"learn":[0.007506465059],"iteration":127,"passed_time":12.67619729,"remaining_time":86.35659406},
{"learn":[0.007499031406],"iteration":128,"passed_time":12.85499986,"remaining_time":86.79616183},
{"learn":[0.007493506286],"iteration":129,"passed_time":12.93921428,"remaining_time":86.59320325},
{"learn":[0.007492216405],"iteration":130,"passed_time":13.01100983,"remaining_time":86.30967592},
{"learn":[0.007490419593],"iteration":131,"passed_time":13.09544146,"remaining_time":86.11244839},
{"learn":[0.007485536683],"iteration":132,"passed_time":13.20567491,"remaining_time":86.08511386},
{"learn":[0.007476118165],"iteration":133,"passed_time":13.33443692,"remaining_time":86.17628633},
{"learn":[0.007469652297],"iteration":134,"passed_time":13.44671831,"remaining_time":86.15860252},
{"learn":[0.007463066074],"iteration":135,"passed_time":13.53516814,"remaining_time":85.98812702},
{"learn":[0.007458140738],"iteration":136,"passed_time":13.62631079,"remaining_time":85.83581176},
{"learn":[0.007452685495],"iteration":137,"passed_time":13.71147985,"remaining_time":85.64706979},
{"learn":[0.007445860204],"iteration":138,"passed_time":13.87457129,"remaining_time":85.94248837},
{"learn":[0.007441268577],"iteration":139,"passed_time":13.97316127,"remaining_time":85.83513351},
{"learn":[0.007433332213],"iteration":140,"passed_time":14.10127816,"remaining_time":85.90778678},
{"learn":[0.007427525242],"iteration":141,"passed_time":14.20045201,"remaining_time":85.80273113},
{"learn":[0.007416512493],"iteration":142,"passed_time":14.3167825,"remaining_time":85.80057763},
{"learn":[0.007411128803],"iteration":143,"passed_time":14.46406912,"remaining_time":85.98085534},
{"learn":[0.007401867326],"iteration":144,"passed_time":14.59137226,"remaining_time":86.03878123},
{"learn":[0.00739939141],"iteration":145,"passed_time":14.69338598,"remaining_time":85.94624405},
{"learn":[0.007387746231],"iteration":146,"passed_time":14.8295924,"remaining_time":86.05198855},
{"learn":[0.007377994732],"iteration":147,"passed_time":14.97270805,"remaining_time":86.19423823},
{"learn":[0.007375066611],"iteration":148,"passed_time":15.07316128,"remaining_time":86.08899499},
{"learn":[0.007369751518],"iteration":149,"passed_time":15.18765734,"remaining_time":86.06339157},
{"learn":[0.007365501094],"iteration":150,"passed_time":15.2969921,"remaining_time":86.00759134},
{"learn":[0.007363166372],"iteration":151,"passed_time":15.39032289,"remaining_time":85.86180141},
{"learn":[0.007358399734],"iteration":152,"passed_time":15.45053471,"remaining_time":85.5333523},
{"learn":[0.007356281698],"iteration":153,"passed_time":15.55540516,"remaining_time":85.45371925},
{"learn":[0.007352504439],"iteration":154,"passed_time":15.64562639,"remaining_time":85.29389869},
{"learn":[0.007348995106],"iteration":155,"passed_time":15.79835879,"remaining_time":85.47317189},
{"learn":[0.007344757827],"iteration":156,"passed_time":15.89191425,"remaining_time":85.3304695},
{"learn":[0.007342449792],"iteration":157,"passed_time":16.01065483,"remaining_time":85.32260358},
{"learn":[0.00734087119],"iteration":158,"passed_time":16.09455242,"remaining_time":85.12904772},
{"learn":[0.00733362031],"iteration":159,"passed_time":16.17551478,"remaining_time":84.92145259},
{"learn":[0.007330839141],"iteration":160,"passed_time":16.29596747,"remaining_time":84.92122179},
{"learn":[0.007327499866],"iteration":161,"passed_time":16.40337152,"remaining_time":84.85200824},
{"learn":[0.007319349816],"iteration":162,"passed_time":16.5279812,"remaining_time":84.87067647},
{"learn":[0.007318104855],"iteration":163,"passed_time":16.64429015,"remaining_time":84.84528392},
{"learn":[0.00731428803],"iteration":164,"passed_time":16.70111428,"remaining_time":84.51776016},
{"learn":[0.007309636545],"iteration":165,"passed_time":16.86014239,"remaining_time":84.70698043},
{"learn":[0.007304376104],"iteration":166,"passed_time":16.95213495,"remaining_time":84.55765519},
{"learn":[0.007302609439],"iteration":167,"passed_time":17.06990258,"remaining_time":84.53666042},
{"learn":[0.007298959666],"iteration":168,"passed_time":17.1925701,"remaining_time":84.53861394},
{"learn":[0.007297529823],"iteration":169,"passed_time":17.28731884,"remaining_time":84.402792},
{"learn":[0.007293583459],"iteration":170,"passed_time":17.38043962,"remaining_time":84.25955816},
{"learn":[0.007289911247],"iteration":171,"passed_time":17.47864501,"remaining_time":84.1413841},
{"learn":[0.007282444819],"iteration":172,"passed_time":17.58631645,"remaining_time":84.06869194},
{"learn":[0.007276891304],"iteration":173,"passed_time":17.68668998,"remaining_time":83.96095359},
{"learn":[0.007272480171],"iteration":174,"passed_time":17.810966,"remaining_time":83.96598256},
{"learn":[0.007266442576],"iteration":175,"passed_time":17.89637761,"remaining_time":83.78758609},
{"learn":[0.007262676613],"iteration":176,"passed_time":18.00096763,"remaining_time":83.69941448},
{"learn":[0.007258878707],"iteration":177,"passed_time":18.15327643,"remaining_time":83.83142263},
{"learn":[0.007256632322],"iteration":178,"passed_time":18.24381186,"remaining_time":83.67692477},
{"learn":[0.007250902626],"iteration":179,"passed_time":18.34840795,"remaining_time":83.58719176},
{"learn":[0.007246057096],"iteration":180,"passed_time":18.47665503,"remaining_time":83.60431197},
{"learn":[0.007243040515],"iteration":181,"passed_time":18.62776567,"remaining_time":83.72259513},
{"learn":[0.007240578274],"iteration":182,"passed_time":18.811898,"remaining_time":83.98535885},
{"learn":[0.007239357948],"iteration":183,"passed_time":18.91214398,"remaining_time":83.8712472},
{"learn":[0.007236675776],"iteration":184,"passed_time":19.04317072,"remaining_time":83.89288724},
{"learn":[0.007234041334],"iteration":185,"passed_time":19.15480341,"remaining_time":83.82801063},
{"learn":[0.007229754911],"iteration":186,"passed_time":19.28117326,"remaining_time":83.82670512},
{"learn":[0.007225774825],"iteration":187,"passed_time":19.4068139,"remaining_time":83.82091961},
{"learn":[0.007222961183],"iteration":188,"passed_time":19.54457766,"remaining_time":83.86588613},
{"learn":[0.007218899661],"iteration":189,"passed_time":19.66311334,"remaining_time":83.82695686},
{"learn":[0.007217070423],"iteration":190,"passed_time":19.81260908,"remaining_time":83.91832851},
{"learn":[0.007212312336],"iteration":191,"passed_time":19.91646318,"remaining_time":83.8151159},
{"learn":[0.007207409224],"iteration":192,"passed_time":20.04071286,"remaining_time":83.7971776},
{"learn":[0.007203227651],"iteration":193,"passed_time":20.13333682,"remaining_time":83.64674986},
{"learn":[0.007201243972],"iteration":194,"passed_time":20.22661289,"remaining_time":83.49960707},
{"learn":[0.007198413233],"iteration":195,"passed_time":20.29526951,"remaining_time":83.25202391},
{"learn":[0.007194699494],"iteration":196,"passed_time":20.36519646,"remaining_time":83.0114353},
{"learn":[0.007193868255],"iteration":197,"passed_time":20.46476934,"remaining_time":82.89265158},
{"learn":[0.007190632707],"iteration":198,"passed_time":20.54631005,"remaining_time":82.70147916},
{"learn":[0.007187839293],"iteration":199,"passed_time":20.64078223,"remaining_time":82.56312891},
{"learn":[0.007185922418],"iteration":200,"passed_time":20.75467831,"remaining_time":82.50242772},
{"learn":[0.007183042536],"iteration":201,"passed_time":20.85086463,"remaining_time":82.37123748},
{"learn":[0.007178153997],"iteration":202,"passed_time":20.94341739,"remaining_time":82.22612642},
{"learn":[0.007176887191],"iteration":203,"passed_time":21.03442284,"remaining_time":82.07549304},
{"learn":[0.007172074607],"iteration":204,"passed_time":21.14052059,"remaining_time":81.98397008},
{"learn":[0.007169897757],"iteration":205,"passed_time":21.23359647,"remaining_time":81.84211456},
{"learn":[0.007168290358],"iteration":206,"passed_time":21.32744098,"remaining_time":81.70367487},
{"learn":[0.00716477196],"iteration":207,"passed_time":21.40980876,"remaining_time":81.52196411},
{"learn":[0.00716154936],"iteration":208,"passed_time":21.51523276,"remaining_time":81.42846465},
{"learn":[0.007159506299],"iteration":209,"passed_time":21.6251393,"remaining_time":81.3517145},
{"learn":[0.007155635998],"iteration":210,"passed_time":21.74251423,"remaining_time":81.30257692},
{"learn":[0.007153790787],"iteration":211,"passed_time":21.84385371,"remaining_time":81.19319208},
{"learn":[0.007152211683],"iteration":212,"passed_time":21.92513861,"remaining_time":81.00978444},
{"learn":[0.007149208514],"iteration":213,"passed_time":22.02512922,"remaining_time":80.89603537},
{"learn":[0.007147387448],"iteration":214,"passed_time":22.1125882,"remaining_time":80.73665923},
{"learn":[0.007145630289],"iteration":215,"passed_time":22.20509257,"remaining_time":80.59626191},
{"learn":[0.007142363099],"iteration":216,"passed_time":22.28125251,"remaining_time":80.3973305},
{"learn":[0.007139954441],"iteration":217,"passed_time":22.36920447,"remaining_time":80.2418252},
{"learn":[0.007135007319],"iteration":218,"passed_time":22.48383084,"remaining_time":80.18206342},
{"learn":[0.007132562794],"iteration":219,"passed_time":22.57127454,"remaining_time":80.02542792},
{"learn":[0.007129422986],"iteration":220,"passed_time":22.67590735,"remaining_time":79.93000826},
{"learn":[0.007127440609],"iteration":221,"passed_time":22.76722821,"remaining_time":79.78785381},
{"learn":[0.007120829475],"iteration":222,"passed_time":22.85720963,"remaining_time":79.64148825},
{"learn":[0.007118167927],"iteration":223,"passed_time":22.95175743,"remaining_time":79.51144539},
{"learn":[0.007112806161],"iteration":224,"passed_time":23.06509348,"remaining_time":79.44643311},
{"learn":[0.007109536827],"iteration":225,"passed_time":23.16425978,"remaining_time":79.33246493},
{"learn":[0.007108191987],"iteration":226,"passed_time":23.25384265,"remaining_time":79.18599281},
{"learn":[0.007105827829],"iteration":227,"passed_time":23.36424258,"remaining_time":79.11050558},
{"learn":[0.007101828303],"iteration":228,"passed_time":23.41923298,"remaining_time":78.84815994},
{"learn":[0.007099279391],"iteration":229,"passed_time":23.51855225,"remaining_time":78.73602276},
{"learn":[0.007096001202],"iteration":230,"passed_time":23.60759492,"remaining_time":78.5897857},
{"learn":[0.007093443974],"iteration":231,"passed_time":23.74788101,"remaining_time":78.61367507},
{"learn":[0.007092451015],"iteration":232,"passed_time":23.83215977,"remaining_time":78.45178775},
{"learn":[0.007091268741],"iteration":233,"passed_time":23.91075699,"remaining_time":78.27196519},
{"learn":[0.007088145384],"iteration":234,"passed_time":24.01143448,"remaining_time":78.16488245},
{"learn":[0.00708612379],"iteration":235,"passed_time":24.10409197,"remaining_time":78.03189096},
{"learn":[0.007084227424],"iteration":236,"passed_time":24.2093447,"remaining_time":77.93978904},
{"learn":[0.007082136154],"iteration":237,"passed_time":24.35574192,"remaining_time":77.97930816},
{"learn":[0.007079894353],"iteration":238,"passed_time":24.44256047,"remaining_time":77.82756702},
{"learn":[0.007078144962],"iteration":239,"passed_time":24.5282089,"remaining_time":77.6726615},
{"learn":[0.007077006805],"iteration":240,"passed_time":24.61206609,"remaining_time":77.51268947},
{"learn":[0.0070749268],"iteration":241,"passed_time":24.72977183,"remaining_time":77.45936795},
{"learn":[0.007072195085],"iteration":242,"passed_time":24.81777774,"remaining_time":77.31299487},
{"learn":[0.007067944786],"iteration":243,"passed_time":24.91437889,"remaining_time":77.19373133},
{"learn":[0.00706586972],"iteration":244,"passed_time":25.00747063,"remaining_time":77.06383806},
{"learn":[0.007062295138],"iteration":245,"passed_time":25.0912057,"remaining_time":76.90556544},
{"learn":[0.007059242277],"iteration":246,"passed_time":25.1750728,"remaining_time":76.74829885},
{"learn":[0.00705834318],"iteration":247,"passed_time":25.24244981,"remaining_time":76.54162201},
{"learn":[0.007056897315],"iteration":248,"passed_time":25.3196735,"remaining_time":76.36576224},
{"learn":[0.007055431091],"iteration":249,"passed_time":25.39715412,"remaining_time":76.19146237},
{"learn":[0.007055194832],"iteration":250,"passed_time":25.48233435,"remaining_time":76.04091008},
{"learn":[0.007053352138],"iteration":251,"passed_time":25.57661236,"remaining_time":75.91788113},
{"learn":[0.007052385541],"iteration":252,"passed_time":25.68310358,"remaining_time":75.83113981},
{"learn":[0.007050995379],"iteration":253,"passed_time":25.78756401,"remaining_time":75.73827854},
{"learn":[0.007049649163],"iteration":254,"passed_time":25.86556236,"remaining_time":75.56801552},
{"learn":[0.00704694799],"iteration":255,"passed_time":25.95372971,"remaining_time":75.42802697},
{"learn":[0.00704392412],"iteration":256,"passed_time":26.03983405,"remaining_time":75.28247742},
{"learn":[0.007040850481],"iteration":257,"passed_time":26.14209956,"remaining_time":75.18386771},
{"learn":[0.007039096389],"iteration":258,"passed_time":26.22534796,"remaining_time":75.03082177},
{"learn":[0.007037863924],"iteration":259,"passed_time":26.30992517,"remaining_time":74.88209471},
{"learn":[0.007034748392],"iteration":260,"passed_time":26.40631111,"remaining_time":74.76729467},
{"learn":[0.007033514216],"iteration":261,"passed_time":26.49327182,"remaining_time":74.62608628},
{"learn":[0.007030561218],"iteration":262,"passed_time":26.62051464,"remaining_time":74.5981722},
{"learn":[0.007027286516],"iteration":263,"passed_time":26.70501684,"remaining_time":74.45034999},
{"learn":[0.007025454892],"iteration":264,"passed_time":26.85717063,"remaining_time":74.49064308},
{"learn":[0.007023715575],"iteration":265,"passed_time":26.9466506,"remaining_time":74.35654715},
{"learn":[0.007022482556],"iteration":266,"passed_time":27.08888335,"remaining_time":74.36760861},
{"learn":[0.007021436275],"iteration":267,"passed_time":27.19816014,"remaining_time":74.28751202},
{"learn":[0.007019107617],"iteration":268,"passed_time":27.29236223,"remaining_time":74.16623341},
{"learn":[0.00701580805],"iteration":269,"passed_time":27.41588479,"remaining_time":74.12442924},
{"learn":[0.007014529226],"iteration":270,"passed_time":27.52614204,"remaining_time":74.04633781},
{"learn":[0.007011826619],"iteration":271,"passed_time":27.62933534,"remaining_time":73.9491034},
{"learn":[0.007007627333],"iteration":272,"passed_time":27.6684492,"remaining_time":73.68118157},
{"learn":[0.007004875002],"iteration":273,"passed_time":27.71018784,"remaining_time":73.42188456},
{"learn":[0.007001274077],"iteration":274,"passed_time":27.75616563,"remaining_time":73.17534575},
{"learn":[0.006800643648],"iteration":275,"passed_time":27.877381,"remaining_time":73.12762263},
{"learn":[0.00679999228],"iteration":276,"passed_time":28.00591806,"remaining_time":73.09847927},
{"learn":[0.006798885381],"iteration":277,"passed_time":28.11415961,"remaining_time":73.01591094},
{"learn":[0.006796786322],"iteration":278,"passed_time":28.20228536,"remaining_time":72.88117471},
{"learn":[0.006793031604],"iteration":279,"passed_time":28.35029204,"remaining_time":72.90075096},
{"learn":[0.0067920533],"iteration":280,"passed_time":28.44160329,"remaining_time":72.77406679},
{"learn":[0.006791459605],"iteration":281,"passed_time":28.52629405,"remaining_time":72.63077706},
{"learn":[0.006790751908],"iteration":282,"passed_time":28.63574588,"remaining_time":72.55063531},
{"learn":[0.006789950209],"iteration":283,"passed_time":28.78282654,"remaining_time":72.56515424},
{"learn":[0.006788971222],"iteration":284,"passed_time":28.87319832,"remaining_time":72.43626946},
{"learn":[0.006785882502],"iteration":285,"passed_time":28.98144686,"remaining_time":72.35228343},
{"learn":[0.006784655563],"iteration":286,"passed_time":29.13001905,"remaining_time":72.36830517},
{"learn":[0.006782314266],"iteration":287,"passed_time":29.23735206,"remaining_time":72.28123149},
{"learn":[0.00678060649],"iteration":288,"passed_time":29.3303355,"remaining_time":72.15871467},
{"learn":[0.00677931482],"iteration":289,"passed_time":29.43531908,"remaining_time":72.06578119},
{"learn":[0.006778429685],"iteration":290,"passed_time":29.51074977,"remaining_time":71.90076147},
{"learn":[0.006775827441],"iteration":291,"passed_time":29.68006365,"remaining_time":71.96398995},
{"learn":[0.006774915838],"iteration":292,"passed_time":29.77370202,"remaining_time":71.84302842},
{"learn":[0.006773192653],"iteration":293,"passed_time":29.90223829,"remaining_time":71.80605522},
{"learn":[0.006770950806],"iteration":294,"passed_time":29.99955507,"remaining_time":71.69385194},
{"learn":[0.006770282703],"iteration":295,"passed_time":30.10586274,"remaining_time":71.60313301},
{"learn":[0.006768073816],"iteration":296,"passed_time":30.2552695,"remaining_time":71.61432478},
{"learn":[0.00676787477],"iteration":297,"passed_time":30.31127139,"remaining_time":71.40440442},
{"learn":[0.006767208768],"iteration":298,"passed_time":30.42237774,"remaining_time":71.324705},
{"learn":[0.006766244879],"iteration":299,"passed_time":30.52258393,"remaining_time":71.21936251},
{"learn":[0.006764209145],"iteration":300,"passed_time":30.64411805,"remaining_time":71.16358311},
{"learn":[0.006763338152],"iteration":301,"passed_time":30.77161638,"remaining_time":71.12115308},
{"learn":[0.006761338041],"iteration":302,"passed_time":30.87075391,"remaining_time":71.01292236},
{"learn":[0.006760252435],"iteration":303,"passed_time":30.99606311,"remaining_time":70.9646708},
{"learn":[0.006756501021],"iteration":304,"passed_time":31.11630703,"remaining_time":70.90437175},
{"learn":[0.00675529031],"iteration":305,"passed_time":31.24812695,"remaining_time":70.86993498},
{"learn":[0.006754863031],"iteration":306,"passed_time":31.37415781,"remaining_time":70.82179598},
{"learn":[0.006753275904],"iteration":307,"passed_time":31.47912519,"remaining_time":70.72582672},
{"learn":[0.006750473492],"iteration":308,"passed_time":31.60049953,"remaining_time":70.66648924},
{"learn":[0.00674794181],"iteration":309,"passed_time":31.73538861,"remaining_time":70.63683271},
{"learn":[0.006745542618],"iteration":310,"passed_time":31.82755872,"remaining_time":70.5118584},
{"learn":[0.006743607819],"iteration":311,"passed_time":31.91745897,"remaining_time":70.38208902},
{"learn":[0.006741983007],"iteration":312,"passed_time":32.00289362,"remaining_time":70.24277291},
{"learn":[0.006740549051],"iteration":313,"passed_time":32.09420094,"remaining_time":70.11663008},
{"learn":[0.006739633503],"iteration":314,"passed_time":32.21874769,"remaining_time":70.062991},
{"learn":[0.006737033895],"iteration":315,"passed_time":32.30861411,"remaining_time":69.9338356},
{"learn":[0.006735853283],"iteration":316,"passed_time":32.42138019,"remaining_time":69.85426709},
{"learn":[0.006733721735],"iteration":317,"passed_time":32.51218118,"remaining_time":69.72738227},
{"learn":[0.006732323692],"iteration":318,"passed_time":32.60615597,"remaining_time":69.60749911},
{"learn":[0.006731202044],"iteration":319,"passed_time":32.71347585,"remaining_time":69.51613619},
{"learn":[0.006729787024],"iteration":320,"passed_time":32.81739506,"remaining_time":69.41748051},
{"learn":[0.006727933702],"iteration":321,"passed_time":32.88822529,"remaining_time":69.24912032},
{"learn":[0.006724155717],"iteration":322,"passed_time":33.00571839,"remaining_time":69.17916828},
{"learn":[0.006721543311],"iteration":323,"passed_time":33.10694216,"remaining_time":69.07497809},
{"learn":[0.006720570995],"iteration":324,"passed_time":33.19701537,"remaining_time":68.94764731},
{"learn":[0.006718600586],"iteration":325,"passed_time":33.3060565,"remaining_time":68.85976098},
{"learn":[0.006717180745],"iteration":326,"passed_time":33.40726588,"remaining_time":68.75562672},
{"learn":[0.006716227674],"iteration":327,"passed_time":33.54069132,"remaining_time":68.71751393},
{"learn":[0.006714339654],"iteration":328,"passed_time":33.64413681,"remaining_time":68.6176772},
{"learn":[0.006712651368],"iteration":329,"passed_time":33.73372905,"remaining_time":68.4896923},
{"learn":[0.006710168789],"iteration":330,"passed_time":33.85069326,"remaining_time":68.41726221},
{"learn":[0.00670933735],"iteration":331,"passed_time":33.92366373,"remaining_time":68.2560463},
{"learn":[0.006708807213],"iteration":332,"passed_time":33.99145865,"remaining_time":68.08499375},
{"learn":[0.006707687984],"iteration":333,"passed_time":34.06530007,"remaining_time":67.9266163},
{"learn":[0.006706610838],"iteration":334,"passed_time":34.14176974,"remaining_time":67.77396083},
{"learn":[0.006705306129],"iteration":335,"passed_time":34.22323526,"remaining_time":67.63163158},
{"learn":[0.006704454961],"iteration":336,"passed_time":34.31031227,"remaining_time":67.50070337},
{"learn":[0.006703916558],"iteration":337,"passed_time":34.4099563,"remaining_time":67.39464814},
{"learn":[0.006702783324],"iteration":338,"passed_time":34.52121331,"remaining_time":67.31127434},
{"learn":[0.006702140232],"iteration":339,"passed_time":34.64219494,"remaining_time":67.2466137},
{"learn":[0.006700082376],"iteration":340,"passed_time":34.71845264,"remaining_time":67.09519147},
{"learn":[0.006699715733],"iteration":341,"passed_time":34.81054209,"remaining_time":66.97466871},
{"learn":[0.006698538166],"iteration":342,"passed_time":34.91639515,"remaining_time":66.88067526},
{"learn":[0.006697081037],"iteration":343,"passed_time":35.01842236,"remaining_time":66.77931705},
{"learn":[0.006695315483],"iteration":344,"passed_time":35.10905692,"remaining_time":66.65632546},
{"learn":[0.006693430189],"iteration":345,"passed_time":35.20531502,"remaining_time":66.54415035},
{"learn":[0.006691892522],"iteration":346,"passed_time":35.32488039,"remaining_time":66.47592764},
{"learn":[0.006690720955],"iteration":347,"passed_time":35.39356361,"remaining_time":66.31207894},
{"learn":[0.006689224664],"iteration":348,"passed_time":35.50410612,"remaining_time":66.22685697},
{"learn":[0.006688529037],"iteration":349,"passed_time":35.60054036,"remaining_time":66.11528923},
{"learn":[0.006687694211],"iteration":350,"passed_time":35.71092279,"remaining_time":66.02959798},
{"learn":[0.00668686216],"iteration":351,"passed_time":35.82686521,"remaining_time":65.95400186},
{"learn":[0.006685876686],"iteration":352,"passed_time":35.92347532,"remaining_time":65.84274371},
{"learn":[0.006684736507],"iteration":353,"passed_time":35.9927908,"remaining_time":65.68175949},
{"learn":[0.006682716121],"iteration":354,"passed_time":36.091879,"remaining_time":65.57538579},
{"learn":[0.006679660119],"iteration":355,"passed_time":36.20092732,"remaining_time":65.48707077},
{"learn":[0.006678169059],"iteration":356,"passed_time":36.27311645,"remaining_time":65.33225177},
{"learn":[0.006677732468],"iteration":357,"passed_time":36.37277953,"remaining_time":65.22716329},
{"learn":[0.006676055201],"iteration":358,"passed_time":36.48958831,"remaining_time":65.15271896},
{"learn":[0.006675605614],"iteration":359,"passed_time":36.55637332,"remaining_time":64.98910813},
{"learn":[0.006674383199],"iteration":360,"passed_time":36.64914399,"remaining_time":64.87203049},
{"learn":[0.006673540384],"iteration":361,"passed_time":36.79025623,"remaining_time":64.84028585},
{"learn":[0.00667267638],"iteration":362,"passed_time":36.90029357,"remaining_time":64.75340772},
{"learn":[0.006672470886],"iteration":363,"passed_time":37.01244447,"remaining_time":64.67009528},
{"learn":[0.006670894228],"iteration":364,"passed_time":37.09961667,"remaining_time":64.54316872},
{"learn":[0.006670026899],"iteration":365,"passed_time":37.19345046,"remaining_time":64.42799888},
{"learn":[0.006669380645],"iteration":366,"passed_time":37.29605183,"remaining_time":64.3280676},
{"learn":[0.006667656863],"iteration":367,"passed_time":37.40132926,"remaining_time":64.23271765},
{"learn":[0.006666136923],"iteration":368,"passed_time":37.49505079,"remaining_time":64.11755298},
{"learn":[0.006665124941],"iteration":369,"passed_time":37.63122396,"remaining_time":64.07478675},
{"learn":[0.006663422342],"iteration":370,"passed_time":37.70588988,"remaining_time":63.92723649},
{"learn":[0.006662435363],"iteration":371,"passed_time":37.80759591,"remaining_time":63.82572643},
{"learn":[0.006661615968],"iteration":372,"passed_time":37.89199441,"remaining_time":63.69512197},
{"learn":[0.006660212095],"iteration":373,"passed_time":37.98663212,"remaining_time":63.58190296},
{"learn":[0.006659416702],"iteration":374,"passed_time":38.07080447,"remaining_time":63.45134079},
{"learn":[0.006658217062],"iteration":375,"passed_time":38.15115708,"remaining_time":63.31468622},
{"learn":[0.006655987236],"iteration":376,"passed_time":38.2427572,"remaining_time":63.19691707},
{"learn":[0.00665473622],"iteration":377,"passed_time":38.34119047,"remaining_time":63.09053035},
{"learn":[0.006653774804],"iteration":378,"passed_time":38.42471632,"remaining_time":62.95975946},
{"learn":[0.00665302658],"iteration":379,"passed_time":38.48844795,"remaining_time":62.79694139},
{"learn":[0.006652333667],"iteration":380,"passed_time":38.6103469,"remaining_time":62.72914627},
{"learn":[0.006651696465],"iteration":381,"passed_time":38.69632222,"remaining_time":62.6029506},
{"learn":[0.006650523979],"iteration":382,"passed_time":38.77824952,"remaining_time":62.47044374},
{"learn":[0.006649106603],"iteration":383,"passed_time":38.87808798,"remaining_time":62.3669328},
{"learn":[0.006647930069],"iteration":384,"passed_time":38.96069083,"remaining_time":62.23590872},
{"learn":[0.006647339873],"iteration":385,"passed_time":39.04897215,"remaining_time":62.11416813},
{"learn":[0.006646852966],"iteration":386,"passed_time":39.13321879,"remaining_time":61.98620961},
{"learn":[0.006644724499],"iteration":387,"passed_time":39.21891359,"remaining_time":61.86076062},
{"learn":[0.006643941759],"iteration":388,"passed_time":39.30843946,"remaining_time":61.74153345},
{"learn":[0.006642720613],"iteration":389,"passed_time":39.40327369,"remaining_time":61.63076142},
{"learn":[0.006641424974],"iteration":390,"passed_time":39.50848043,"remaining_time":61.53622656},
{"learn":[0.006640817092],"iteration":391,"passed_time":39.6214749,"remaining_time":61.45371618},
{"learn":[0.006640533241],"iteration":392,"passed_time":39.70786052,"remaining_time":61.3299525},
{"learn":[0.006639489723],"iteration":393,"passed_time":39.80324113,"remaining_time":61.22021351},
{"learn":[0.006638612515],"iteration":394,"passed_time":39.90491058,"remaining_time":61.1201795},
{"learn":[0.006637757289],"iteration":395,"passed_time":39.98601717,"remaining_time":60.98877366},
{"learn":[0.006636446373],"iteration":396,"passed_time":40.08765284,"remaining_time":60.88880268},
{"learn":[0.006635687669],"iteration":397,"passed_time":40.17971048,"remaining_time":60.77433595},
{"learn":[0.006635007463],"iteration":398,"passed_time":40.25605003,"remaining_time":60.63630594},
{"learn":[0.006634255907],"iteration":399,"passed_time":40.36154031,"remaining_time":60.54231047},
{"learn":[0.006633272742],"iteration":400,"passed_time":40.45047511,"remaining_time":60.42352766},
{"learn":[0.006632584744],"iteration":401,"passed_time":40.55888661,"remaining_time":60.33386615},
{"learn":[0.006631857897],"iteration":402,"passed_time":40.66600812,"remaining_time":60.24220061},
{"learn":[0.006630667522],"iteration":403,"passed_time":40.76912957,"remaining_time":60.14455748},
{"learn":[0.00662887992],"iteration":404,"passed_time":40.88777727,"remaining_time":60.06969747},
{"learn":[0.006627869475],"iteration":405,"passed_time":40.99123668,"remaining_time":59.97240047},
{"learn":[0.006626792199],"iteration":406,"passed_time":41.05789024,"remaining_time":59.82144696},
{"learn":[0.006626029636],"iteration":407,"passed_time":41.14045887,"remaining_time":59.69399914},
{"learn":[0.006625499668],"iteration":408,"passed_time":41.24121832,"remaining_time":59.59305631},
{"learn":[0.00662489272],"iteration":409,"passed_time":41.33239184,"remaining_time":59.47831997},
{"learn":[0.006624025769],"iteration":410,"passed_time":41.43126129,"remaining_time":59.37472725},
{"learn":[0.006623171039],"iteration":411,"passed_time":41.54819616,"remaining_time":59.29694015},
{"learn":[0.006622568907],"iteration":412,"passed_time":41.64065007,"remaining_time":59.1841685},
{"learn":[0.006622057035],"iteration":413,"passed_time":41.73188219,"remaining_time":59.06976562},
{"learn":[0.006621717415],"iteration":414,"passed_time":41.82827472,"remaining_time":58.9627487},
{"learn":[0.006620876473],"iteration":415,"passed_time":41.89724302,"remaining_time":58.81728347},
{"learn":[0.006619919962],"iteration":416,"passed_time":41.9884344,"remaining_time":58.70325482},
{"learn":[0.006619570758],"iteration":417,"passed_time":42.08754673,"remaining_time":58.60036411},
{"learn":[0.006617413158],"iteration":418,"passed_time":42.19895884,"remaining_time":58.51454674},
{"learn":[0.006616846369],"iteration":419,"passed_time":42.29507956,"remaining_time":58.40749082},
{"learn":[0.006615702076],"iteration":420,"passed_time":42.3910646,"remaining_time":58.30030025},
{"learn":[0.006614654696],"iteration":421,"passed_time":42.44879131,"remaining_time":58.14076156},
{"learn":[0.00661388333],"iteration":422,"passed_time":42.56295558,"remaining_time":58.05868881},
{"learn":[0.006612504419],"iteration":423,"passed_time":42.66246108,"remaining_time":57.9565509},
{"learn":[0.006611710602],"iteration":424,"passed_time":42.75046159,"remaining_time":57.83885979},
{"learn":[0.006610927261],"iteration":425,"passed_time":42.83216945,"remaining_time":57.71282926},
{"learn":[0.006610222559],"iteration":426,"passed_time":42.91811953,"remaining_time":57.59269904},
{"learn":[0.006608837613],"iteration":427,"passed_time":43.01001741,"remaining_time":57.48067748},
{"learn":[0.006608191974],"iteration":428,"passed_time":43.11741686,"remaining_time":57.38938235},
{"learn":[0.006607789917],"iteration":429,"passed_time":43.20254143,"remaining_time":57.26848515},
{"learn":[0.00660683272],"iteration":430,"passed_time":43.29469253,"remaining_time":57.15703028},
{"learn":[0.006605725446],"iteration":431,"passed_time":43.39272889,"remaining_time":57.0534028},
{"learn":[0.006604887288],"iteration":432,"passed_time":43.48011496,"remaining_time":56.93585493},
{"learn":[0.006604030628],"iteration":433,"passed_time":43.55891074,"remaining_time":56.80724304},
{"learn":[0.006603053921],"iteration":434,"passed_time":43.63082961,"remaining_time":56.66992812},
{"learn":[0.006601379784],"iteration":435,"passed_time":43.71540664,"remaining_time":56.54928749},
{"learn":[0.006599462895],"iteration":436,"passed_time":43.81493945,"remaining_time":56.44807989},
{"learn":[0.00659809867],"iteration":437,"passed_time":43.90856126,"remaining_time":56.3392955},
{"learn":[0.006596928225],"iteration":438,"passed_time":44.01601161,"remaining_time":56.24825173},
{"learn":[0.006596350105],"iteration":439,"passed_time":44.11651959,"remaining_time":56.14829766},
{"learn":[0.00659560667],"iteration":440,"passed_time":44.21530321,"remaining_time":56.04615531},
{"learn":[0.006594081822],"iteration":441,"passed_time":44.30068402,"remaining_time":55.92710788},
{"learn":[0.006593284061],"iteration":442,"passed_time":44.39345942,"remaining_time":55.81750993},
{"learn":[0.00659117798],"iteration":443,"passed_time":44.5166922,"remaining_time":55.74612807},
{"learn":[0.006590348219],"iteration":444,"passed_time":44.59364717,"remaining_time":55.6167959},
{"learn":[0.006589224972],"iteration":445,"passed_time":44.6781782,"remaining_time":55.49710924},
{"learn":[0.00658858474],"iteration":446,"passed_time":44.79735828,"remaining_time":55.42044548},
{"learn":[0.006586913859],"iteration":447,"passed_time":44.87334774,"remaining_time":55.29037489},
{"learn":[0.00658574127],"iteration":448,"passed_time":44.96815147,"remaining_time":55.18363354},
{"learn":[0.006584801495],"iteration":449,"passed_time":45.047558,"remaining_time":55.05812644},
{"learn":[0.006583953323],"iteration":450,"passed_time":45.13144496,"remaining_time":54.93827779},
{"learn":[0.00658308575],"iteration":451,"passed_time":45.21095984,"remaining_time":54.81328759},
{"learn":[0.006582475726],"iteration":452,"passed_time":45.30921764,"remaining_time":54.71113036},
{"learn":[0.006581797083],"iteration":453,"passed_time":45.39737248,"remaining_time":54.59684003},
{"learn":[0.006581216923],"iteration":454,"passed_time":45.47052739,"remaining_time":54.46469764},
{"learn":[0.006580673672],"iteration":455,"passed_time":45.57826088,"remaining_time":54.37406561},
{"learn":[0.006579765656],"iteration":456,"passed_time":45.64802251,"remaining_time":54.23824119},
{"learn":[0.006578848651],"iteration":457,"passed_time":45.72995834,"remaining_time":54.11711227},
{"learn":[0.006577734378],"iteration":458,"passed_time":45.80689977,"remaining_time":53.99026749},
{"learn":[0.006576810867],"iteration":459,"passed_time":45.8906423,"remaining_time":53.87162356},
{"learn":[0.006576084897],"iteration":460,"passed_time":45.97835545,"remaining_time":53.75777351},
{"learn":[0.00657529039],"iteration":461,"passed_time":46.08857916,"remaining_time":53.67025019},
{"learn":[0.006574444163],"iteration":462,"passed_time":46.18504071,"remaining_time":53.56666709},
{"learn":[0.006574021763],"iteration":463,"passed_time":46.28614842,"remaining_time":53.4684818},
{"learn":[0.006573264887],"iteration":464,"passed_time":46.4001781,"remaining_time":53.38515114},
{"learn":[0.006572771213],"iteration":465,"passed_time":46.50661374,"remaining_time":53.29298656},
{"learn":[0.006572211516],"iteration":466,"passed_time":46.57997526,"remaining_time":53.16301244},
{"learn":[0.006571187479],"iteration":467,"passed_time":46.66513081,"remaining_time":53.04668716},
{"learn":[0.006570323005],"iteration":468,"passed_time":46.75499592,"remaining_time":52.93582694},
{"learn":[0.006569782098],"iteration":469,"passed_time":46.8404813,"remaining_time":52.82011721},
{"learn":[0.006569327402],"iteration":470,"passed_time":46.9302617,"remaining_time":52.70935974},
{"learn":[0.006568923032],"iteration":471,"passed_time":46.98116298,"remaining_time":52.55519927},
{"learn":[0.006568539593],"iteration":472,"passed_time":47.08871581,"remaining_time":52.46459457},
{"learn":[0.006567956216],"iteration":473,"passed_time":47.18287199,"remaining_time":52.35905204},
{"learn":[0.006567206243],"iteration":474,"passed_time":47.26630819,"remaining_time":52.24170905},
{"learn":[0.006566595513],"iteration":475,"passed_time":47.35156011,"remaining_time":52.12650735},
{"learn":[0.006565564433],"iteration":476,"passed_time":47.47411407,"remaining_time":52.05233052},
{"learn":[0.006564985783],"iteration":477,"passed_time":47.51096984,"remaining_time":51.88436455},
{"learn":[0.006564596157],"iteration":478,"passed_time":47.56704503,"remaining_time":51.73785065},
{"learn":[0.006564115048],"iteration":479,"passed_time":47.6201656,"remaining_time":51.58851274},
{"learn":[0.006563108024],"iteration":480,"passed_time":47.70479524,"remaining_time":51.47357325},
{"learn":[0.00656263591],"iteration":481,"passed_time":47.80344918,"remaining_time":51.37383128},
{"learn":[0.006561570838],"iteration":482,"passed_time":47.89915236,"remaining_time":51.27093534},
{"learn":[0.006560962782],"iteration":483,"passed_time":47.98770186,"remaining_time":51.16044248},
{"learn":[0.006560219381],"iteration":484,"passed_time":48.09057781,"remaining_time":51.06525272},
{"learn":[0.006559718018],"iteration":485,"passed_time":48.20704692,"remaining_time":50.98440765},
{"learn":[0.006559056424],"iteration":486,"passed_time":48.30983275,"remaining_time":50.88900246},
{"learn":[0.006558074806],"iteration":487,"passed_time":48.46423727,"remaining_time":50.84772435},
{"learn":[0.00655715997],"iteration":488,"passed_time":48.5912281,"remaining_time":50.77733652},
{"learn":[0.006555593245],"iteration":489,"passed_time":48.68073653,"remaining_time":50.66770537},
{"learn":[0.006554883955],"iteration":490,"passed_time":48.78802689,"remaining_time":50.57658999},
{"learn":[0.006554512611],"iteration":491,"passed_time":48.87306347,"remaining_time":50.46243139},
{"learn":[0.006553104877],"iteration":492,"passed_time":48.96805492,"remaining_time":50.35862849},
{"learn":[0.006552716781],"iteration":493,"passed_time":49.05760858,"remaining_time":50.24929138},
{"learn":[0.006551953431],"iteration":494,"passed_time":49.16673846,"remaining_time":50.1600059},
{"learn":[0.006551800242],"iteration":495,"passed_time":49.22379902,"remaining_time":50.01773127},
{"learn":[0.006551252051],"iteration":496,"passed_time":49.32031451,"remaining_time":49.91573078},
{"learn":[0.006550287275],"iteration":497,"passed_time":49.44001529,"remaining_time":49.83712384},
{"learn":[0.006549196196],"iteration":498,"passed_time":49.54014145,"remaining_time":49.73869913},
{"learn":[0.006547919751],"iteration":499,"passed_time":49.66015448,"remaining_time":49.66015448},
{"learn":[0.006546906363],"iteration":500,"passed_time":49.76020093,"remaining_time":49.56155741},
{"learn":[0.006546059197],"iteration":501,"passed_time":49.96237369,"remaining_time":49.56426713},
{"learn":[0.006545671474],"iteration":502,"passed_time":50.05277595,"remaining_time":49.45572494},
{"learn":[0.006545458384],"iteration":503,"passed_time":50.17566921,"remaining_time":49.37923001},
{"learn":[0.006544774178],"iteration":504,"passed_time":50.28041087,"remaining_time":49.28475917},
{"learn":[0.006543654569],"iteration":505,"passed_time":50.37909832,"remaining_time":49.1843371},
{"learn":[0.006542614272],"iteration":506,"passed_time":50.48352305,"remaining_time":49.08950071},
{"learn":[0.006541165545],"iteration":507,"passed_time":50.5727744,"remaining_time":48.97993111},
{"learn":[0.006540421175],"iteration":508,"passed_time":50.67475764,"remaining_time":48.88272299},
{"learn":[0.006540032227],"iteration":509,"passed_time":50.76463409,"remaining_time":48.77386412},
{"learn":[0.00653966602],"iteration":510,"passed_time":50.86747565,"remaining_time":48.67748649},
{"learn":[0.006538567849],"iteration":511,"passed_time":50.94282618,"remaining_time":48.5548812},
{"learn":[0.0065375359],"iteration":512,"passed_time":51.02221696,"remaining_time":48.43629564},
{"learn":[0.00653674861],"iteration":513,"passed_time":51.16205242,"remaining_time":48.37501455},
{"learn":[0.006535935619],"iteration":514,"passed_time":51.26686627,"remaining_time":48.28044687},
{"learn":[0.006533491715],"iteration":515,"passed_time":51.38329869,"remaining_time":48.19673753},
{"learn":[0.006533124928],"iteration":516,"passed_time":51.49991434,"remaining_time":48.11307278},
{"learn":[0.006532520547],"iteration":517,"passed_time":51.60040696,"remaining_time":48.01427829},
{"learn":[0.006531859837],"iteration":518,"passed_time":51.71766247,"remaining_time":47.93101281},
{"learn":[0.006531054673],"iteration":519,"passed_time":51.78948414,"remaining_time":47.80567766},
{"learn":[0.006530578688],"iteration":520,"passed_time":51.89785727,"remaining_time":47.71415284},
{"learn":[0.006530108624],"iteration":521,"passed_time":51.98009373,"remaining_time":47.59862989},
{"learn":[0.006529268791],"iteration":522,"passed_time":52.09188594,"remaining_time":47.51019042},
{"learn":[0.00652891131],"iteration":523,"passed_time":52.16532056,"remaining_time":47.38681792},
{"learn":[0.006528588724],"iteration":524,"passed_time":52.26746884,"remaining_time":47.28961467},
{"learn":[0.00652739833],"iteration":525,"passed_time":52.37220807,"remaining_time":47.19472742},
{"learn":[0.00652590313],"iteration":526,"passed_time":52.48553001,"remaining_time":47.10750606},
{"learn":[0.006525209804],"iteration":527,"passed_time":52.61017006,"remaining_time":47.03030354},
{"learn":[0.00652509559],"iteration":528,"passed_time":52.69730621,"remaining_time":46.91952972},
{"learn":[0.006524831552],"iteration":529,"passed_time":52.78874204,"remaining_time":46.81265804},
{"learn":[0.006524378138],"iteration":530,"passed_time":52.89258149,"remaining_time":46.71679984},
{"learn":[0.006523715427],"iteration":531,"passed_time":52.97119487,"remaining_time":46.5987203},
{"learn":[0.006523353641],"iteration":532,"passed_time":53.04127733,"remaining_time":46.47331428},
{"learn":[0.006522798395],"iteration":533,"passed_time":53.14427951,"remaining_time":46.37684317},
{"learn":[0.006522205592],"iteration":534,"passed_time":53.22407853,"remaining_time":46.26018041},
{"learn":[0.006521458117],"iteration":535,"passed_time":53.31854348,"remaining_time":46.15635107},
{"learn":[0.006520728809],"iteration":536,"passed_time":53.44701991,"remaining_time":46.08188123},
{"learn":[0.006520154906],"iteration":537,"passed_time":53.549722,"remaining_time":45.98507726},
{"learn":[0.006519121483],"iteration":538,"passed_time":53.66690945,"remaining_time":45.90064055},
{"learn":[0.006518778948],"iteration":539,"passed_time":53.75163348,"remaining_time":45.78842852},
{"learn":[0.006518302437],"iteration":540,"passed_time":53.8376705,"remaining_time":45.67743209},
{"learn":[0.006517575492],"iteration":541,"passed_time":53.93597728,"remaining_time":45.57689593},
{"learn":[0.006516569707],"iteration":542,"passed_time":54.03008507,"remaining_time":45.47283402},
{"learn":[0.006516283571],"iteration":543,"passed_time":54.10971848,"remaining_time":45.35667579},
{"learn":[0.006515782796],"iteration":544,"passed_time":54.18428785,"remaining_time":45.2364238},
{"learn":[0.006514976196],"iteration":545,"passed_time":54.29552008,"remaining_time":45.14682439},
{"learn":[0.006514576151],"iteration":546,"passed_time":54.43848832,"remaining_time":45.08342817},
{"learn":[0.006513951427],"iteration":547,"passed_time":54.55960523,"remaining_time":45.00171818},
{"learn":[0.006513389663],"iteration":548,"passed_time":54.65468651,"remaining_time":44.89847653},
{"learn":[0.006512749177],"iteration":549,"passed_time":54.74213339,"remaining_time":44.78901823},
{"learn":[0.006511780877],"iteration":550,"passed_time":54.83238923,"remaining_time":44.68192879},
{"learn":[0.006511078498],"iteration":551,"passed_time":54.96732899,"remaining_time":44.61116556},
{"learn":[0.00651041915],"iteration":552,"passed_time":55.04595804,"remaining_time":44.49465324},
{"learn":[0.00651008565],"iteration":553,"passed_time":55.13660265,"remaining_time":44.38795087},
{"learn":[0.006509546637],"iteration":554,"passed_time":55.23215724,"remaining_time":44.28524319},
{"learn":[0.006508945809],"iteration":555,"passed_time":55.36619548,"remaining_time":44.2132928},
{"learn":[0.006508083935],"iteration":556,"passed_time":55.45281844,"remaining_time":44.10340856},
{"learn":[0.006507276084],"iteration":557,"passed_time":55.58019034,"remaining_time":44.02588554},
{"learn":[0.006506540776],"iteration":558,"passed_time":55.66385114,"remaining_time":43.9137001},
{"learn":[0.006506026977],"iteration":559,"passed_time":55.74729466,"remaining_time":43.8014458},
{"learn":[0.006505475172],"iteration":560,"passed_time":55.85551043,"remaining_time":43.70867928},
{"learn":[0.006505190763],"iteration":561,"passed_time":55.9533834,"remaining_time":43.60779703},
{"learn":[0.006504512253],"iteration":562,"passed_time":56.07250215,"remaining_time":43.52341641},
{"learn":[0.006504152711],"iteration":563,"passed_time":56.15253875,"remaining_time":43.40870017},
{"learn":[0.006503524562],"iteration":564,"passed_time":56.26168214,"remaining_time":43.31651634},
{"learn":[0.006502718107],"iteration":565,"passed_time":56.35785179,"remaining_time":43.21432452},
{"learn":[0.00650215479],"iteration":566,"passed_time":56.46246866,"remaining_time":43.11860481},
{"learn":[0.006501678793],"iteration":567,"passed_time":56.55378363,"remaining_time":43.01273685},
{"learn":[0.0065010129],"iteration":568,"passed_time":56.63155281,"remaining_time":42.89665951},
{"learn":[0.00650026224],"iteration":569,"passed_time":56.725518,"remaining_time":42.79293464},
{"learn":[0.00649990108],"iteration":570,"passed_time":56.83303604,"remaining_time":42.69942637},
{"learn":[0.006499496836],"iteration":571,"passed_time":56.93303663,"remaining_time":42.60024419},
{"learn":[0.006499061902],"iteration":572,"passed_time":56.99307283,"remaining_time":42.47127766},
{"learn":[0.00649835212],"iteration":573,"passed_time":57.09761905,"remaining_time":42.37558487},
{"learn":[0.006497291799],"iteration":574,"passed_time":57.21858808,"remaining_time":42.29199989},
{"learn":[0.006496826691],"iteration":575,"passed_time":57.31639861,"remaining_time":42.19123786},
{"learn":[0.006496649969],"iteration":576,"passed_time":57.42076326,"remaining_time":42.09529092},
{"learn":[0.006496038405],"iteration":577,"passed_time":57.5214297,"remaining_time":41.99661477},
{"learn":[0.006495640931],"iteration":578,"passed_time":57.60702498,"remaining_time":41.88697326},
{"learn":[0.006495202209],"iteration":579,"passed_time":57.7098971,"remaining_time":41.78992549},
{"learn":[0.006494829409],"iteration":580,"passed_time":57.81947947,"remaining_time":41.6976969},
{"learn":[0.006494536785],"iteration":581,"passed_time":57.89672807,"remaining_time":41.58218614},
{"learn":[0.006493452317],"iteration":582,"passed_time":57.98896016,"remaining_time":41.47752382},
{"learn":[0.006493162989],"iteration":583,"passed_time":58.09576308,"remaining_time":41.38328329},
{"learn":[0.006492938561],"iteration":584,"passed_time":58.18404483,"remaining_time":41.27586086},
{"learn":[0.006492315044],"iteration":585,"passed_time":58.27276437,"remaining_time":41.16881305},
{"learn":[0.006491753538],"iteration":586,"passed_time":58.37696925,"remaining_time":41.07272283},
{"learn":[0.0064913547],"iteration":587,"passed_time":58.46909096,"remaining_time":40.96813856},
{"learn":[0.006491177701],"iteration":588,"passed_time":58.54889641,"remaining_time":40.85500242},
{"learn":[0.00649077289],"iteration":589,"passed_time":58.62036203,"remaining_time":40.73618378},
{"learn":[0.006490494442],"iteration":590,"passed_time":58.69993699,"remaining_time":40.62313744},
{"learn":[0.006490068713],"iteration":591,"passed_time":58.7821866,"remaining_time":40.51204752},
{"learn":[0.006489714237],"iteration":592,"passed_time":58.86444302,"remaining_time":40.40105954},
{"learn":[0.006489210588],"iteration":593,"passed_time":58.96089121,"remaining_time":40.2998684},
{"learn":[0.006488811457],"iteration":594,"passed_time":59.03929003,"remaining_time":40.1864075},
{"learn":[0.006488135853],"iteration":595,"passed_time":59.11343796,"remaining_time":40.07018278},
{"learn":[0.006487388595],"iteration":596,"passed_time":59.24018536,"remaining_time":39.98960586},
{"learn":[0.006486594486],"iteration":597,"passed_time":59.34972776,"remaining_time":39.89730863},
{"learn":[0.006486329157],"iteration":598,"passed_time":59.43292499,"remaining_time":39.78731706},
{"learn":[0.006485856016],"iteration":599,"passed_time":59.50725602,"remaining_time":39.67150401},
{"learn":[0.00648520668],"iteration":600,"passed_time":59.58132676,"remaining_time":39.5556562},
{"learn":[0.006484768523],"iteration":601,"passed_time":59.69796303,"remaining_time":39.46808851},
{"learn":[0.006483914831],"iteration":602,"passed_time":59.79753174,"remaining_time":39.36918756},
{"learn":[0.006482674613],"iteration":603,"passed_time":59.92031197,"remaining_time":39.28550255},
{"learn":[0.006482377749],"iteration":604,"passed_time":60.00118694,"remaining_time":39.17432866},
{"learn":[0.006481720927],"iteration":605,"passed_time":60.09750836,"remaining_time":39.07329751},
{"learn":[0.006481359068],"iteration":606,"passed_time":60.18738542,"remaining_time":38.96810951},
{"learn":[0.006480326964],"iteration":607,"passed_time":60.34817782,"remaining_time":38.90869359},
{"learn":[0.006479462015],"iteration":608,"passed_time":60.45652716,"remaining_time":38.81527442},
{"learn":[0.006478665216],"iteration":609,"passed_time":60.56632879,"remaining_time":38.7227348},
{"learn":[0.006478054718],"iteration":610,"passed_time":60.64619865,"remaining_time":38.61108228},
{"learn":[0.006477788087],"iteration":611,"passed_time":60.73089475,"remaining_time":38.5025934},
{"learn":[0.006476967443],"iteration":612,"passed_time":60.8293343,"remaining_time":38.40285868},
{"learn":[0.006476292878],"iteration":613,"passed_time":60.94708112,"remaining_time":38.31526598},
{"learn":[0.006475927444],"iteration":614,"passed_time":61.05779005,"remaining_time":38.22316938},
{"learn":[0.006475494612],"iteration":615,"passed_time":61.14341899,"remaining_time":38.11537807},
{"learn":[0.006474793963],"iteration":616,"passed_time":61.23543603,"remaining_time":38.01162399},
{"learn":[0.006474556497],"iteration":617,"passed_time":61.36263864,"remaining_time":37.92965689},
{"learn":[0.006474308668],"iteration":618,"passed_time":61.47196115,"remaining_time":37.83653828},
{"learn":[0.006472810983],"iteration":619,"passed_time":61.57049089,"remaining_time":37.73675248},
{"learn":[0.006471894809],"iteration":620,"passed_time":61.68293372,"remaining_time":37.64546197},
{"learn":[0.006471260147],"iteration":621,"passed_time":61.75226625,"remaining_time":37.52790457},
{"learn":[0.006470673745],"iteration":622,"passed_time":61.85746023,"remaining_time":37.43220306},
{"learn":[0.006470504408],"iteration":623,"passed_time":61.94751955,"remaining_time":37.32735152},
{"learn":[0.006469762272],"iteration":624,"passed_time":62.06555355,"remaining_time":37.23933213},
{"learn":[0.006469505],"iteration":625,"passed_time":62.13930531,"remaining_time":37.12476068},
{"learn":[0.006468967996],"iteration":626,"passed_time":62.25924848,"remaining_time":37.03779854},
{"learn":[0.006468668534],"iteration":627,"passed_time":62.36405776,"remaining_time":36.9417667},
{"learn":[0.006468338014],"iteration":628,"passed_time":62.48126517,"remaining_time":36.85301968},
{"learn":[0.006467885281],"iteration":629,"passed_time":62.57429049,"remaining_time":36.74998013},
{"learn":[0.006467201716],"iteration":630,"passed_time":62.66874085,"remaining_time":36.64780567},
{"learn":[0.006467028223],"iteration":631,"passed_time":62.76996482,"remaining_time":36.54959977},
{"learn":[0.006466742924],"iteration":632,"passed_time":62.86944442,"remaining_time":36.45037299},
{"learn":[0.006466558203],"iteration":633,"passed_time":62.97620791,"remaining_time":36.35535031},
{"learn":[0.006466032275],"iteration":634,"passed_time":63.08628411,"remaining_time":36.2621948},
{"learn":[0.006465831636],"iteration":635,"passed_time":63.18723915,"remaining_time":36.1637658},
{"learn":[0.00646538619],"iteration":636,"passed_time":63.32408885,"remaining_time":36.08578375},
{"learn":[0.006464764665],"iteration":637,"passed_time":63.41276662,"remaining_time":35.98028451},
{"learn":[0.006464423698],"iteration":638,"passed_time":63.55522447,"remaining_time":35.90522071},
{"learn":[0.006463653397],"iteration":639,"passed_time":63.658498,"remaining_time":35.80790512},
{"learn":[0.006463074239],"iteration":640,"passed_time":63.7655029,"remaining_time":35.71266075},
{"learn":[0.006462836015],"iteration":641,"passed_time":63.8374525,"remaining_time":35.59783177},
{"learn":[0.006462408511],"iteration":642,"passed_time":63.95554527,"remaining_time":35.50875531},
{"learn":[0.006462021098],"iteration":643,"passed_time":64.0641081,"remaining_time":35.41432062},
{"learn":[0.006461656117],"iteration":644,"passed_time":64.15938315,"remaining_time":35.31252871},
{"learn":[0.00646145095],"iteration":645,"passed_time":64.26892718,"remaining_time":35.2185762},
{"learn":[0.006460660291],"iteration":646,"passed_time":64.38008451,"remaining_time":35.12545569},
{"learn":[0.006460395234],"iteration":647,"passed_time":64.4942412,"remaining_time":35.0339088},
{"learn":[0.006460152303],"iteration":648,"passed_time":64.60231788,"remaining_time":34.93900397},
{"learn":[0.006459493776],"iteration":649,"passed_time":64.67859759,"remaining_time":34.82693716},
{"learn":[0.006459188966],"iteration":650,"passed_time":64.75799123,"remaining_time":34.71664968},
{"learn":[0.006458563481],"iteration":651,"passed_time":64.83903915,"remaining_time":34.60733992},
{"learn":[0.006458209011],"iteration":652,"passed_time":64.93842119,"remaining_time":34.50785934},
{"learn":[0.006457654914],"iteration":653,"passed_time":65.03157719,"remaining_time":34.40508518},
{"learn":[0.006457131263],"iteration":654,"passed_time":65.14471078,"remaining_time":34.31286293},
{"learn":[0.006456395295],"iteration":655,"passed_time":65.23589417,"remaining_time":34.20906645},
{"learn":[0.006455910096],"iteration":656,"passed_time":65.36797865,"remaining_time":34.12666161},
{"learn":[0.006455754108],"iteration":657,"passed_time":65.45431774,"remaining_time":34.02032928},
{"learn":[0.006455434206],"iteration":658,"passed_time":65.54759499,"remaining_time":33.91764779},
{"learn":[0.006454896675],"iteration":659,"passed_time":65.67712327,"remaining_time":33.83366956},
{"learn":[0.006454651241],"iteration":660,"passed_time":65.77577297,"remaining_time":33.73371715},
{"learn":[0.006454201053],"iteration":661,"passed_time":65.88139783,"remaining_time":33.63733001},
{"learn":[0.006453818002],"iteration":662,"passed_time":65.979324,"remaining_time":33.53700179},
{"learn":[0.006453303775],"iteration":663,"passed_time":66.06757863,"remaining_time":33.43178678},
{"learn":[0.006452995919],"iteration":664,"passed_time":66.17924657,"remaining_time":33.33841745},
{"learn":[0.00645243341],"iteration":665,"passed_time":66.29989621,"remaining_time":33.2494975},
{"learn":[0.00645213495],"iteration":666,"passed_time":66.3852377,"remaining_time":33.14285481},
{"learn":[0.006451576621],"iteration":667,"passed_time":66.52234473,"remaining_time":33.06200367},
{"learn":[0.006451480137],"iteration":668,"passed_time":66.59449576,"remaining_time":32.94884618},
{"learn":[0.0064510068],"iteration":669,"passed_time":66.68184915,"remaining_time":32.84329884},
{"learn":[0.006450401374],"iteration":670,"passed_time":66.80825839,"remaining_time":32.7569553},
{"learn":[0.006449950766],"iteration":671,"passed_time":66.92374047,"remaining_time":32.66515904},
{"learn":[0.006449302075],"iteration":672,"passed_time":67.03778249,"remaining_time":32.57259268},
{"learn":[0.00644910608],"iteration":673,"passed_time":67.12886093,"remaining_time":32.46885559},
{"learn":[0.006448527552],"iteration":674,"passed_time":67.25528351,"remaining_time":32.38217354},
{"learn":[0.006448058943],"iteration":675,"passed_time":67.32511995,"remaining_time":32.26825276},
{"learn":[0.006447304081],"iteration":676,"passed_time":67.41316539,"remaining_time":32.16314981},
{"learn":[0.006447053173],"iteration":677,"passed_time":67.49074756,"remaining_time":32.0531279},
{"learn":[0.006446964727],"iteration":678,"passed_time":67.58525084,"remaining_time":31.95120106},
{"learn":[0.006446208006],"iteration":679,"passed_time":67.6843089,"remaining_time":31.85143948},
{"learn":[0.006445613777],"iteration":680,"passed_time":67.75774186,"remaining_time":31.73967644},
{"learn":[0.00644515686],"iteration":681,"passed_time":67.85433371,"remaining_time":31.63882422},
{"learn":[0.006444826039],"iteration":682,"passed_time":67.92315556,"remaining_time":31.52509562},
{"learn":[0.006444568673],"iteration":683,"passed_time":67.99472208,"remaining_time":31.41276634},
{"learn":[0.006444368674],"iteration":684,"passed_time":68.09475917,"remaining_time":31.31364838},
{"learn":[0.006443886488],"iteration":685,"passed_time":68.19319815,"remaining_time":31.21379624},
{"learn":[0.006443597097],"iteration":686,"passed_time":68.31083265,"remaining_time":31.12269377},
{"learn":[0.006443253482],"iteration":687,"passed_time":68.39376184,"remaining_time":31.01577572},
{"learn":[0.006442995685],"iteration":688,"passed_time":68.47340335,"remaining_time":30.90744331},
{"learn":[0.006442658775],"iteration":689,"passed_time":68.55978744,"remaining_time":30.80222334},
{"learn":[0.006442201049],"iteration":690,"passed_time":68.65159126,"remaining_time":30.69948147},
{"learn":[0.006441595345],"iteration":691,"passed_time":68.74536536,"remaining_time":30.59764817},
{"learn":[0.006441273074],"iteration":692,"passed_time":68.83413403,"remaining_time":30.4936207},
{"learn":[0.006440625402],"iteration":693,"passed_time":68.94263921,"remaining_time":30.39833948},
{"learn":[0.006440310826],"iteration":694,"passed_time":69.01095987,"remaining_time":30.28538527},
{"learn":[0.006440086602],"iteration":695,"passed_time":69.10312132,"remaining_time":30.18297253},
{"learn":[0.006439836629],"iteration":696,"passed_time":69.20491289,"remaining_time":30.08477562},
{"learn":[0.006439469099],"iteration":697,"passed_time":69.29364582,"remaining_time":29.98091839},
{"learn":[0.006439263488],"iteration":698,"passed_time":69.39669119,"remaining_time":29.88326759},
{"learn":[0.006438904094],"iteration":699,"passed_time":69.48385773,"remaining_time":29.77879617},
{"learn":[0.006438588357],"iteration":700,"passed_time":69.59256093,"remaining_time":29.68356023},
{"learn":[0.0064380688],"iteration":701,"passed_time":69.68083314,"remaining_time":29.57961293},
{"learn":[0.006437415452],"iteration":702,"passed_time":69.7740644,"remaining_time":29.4778053},
{"learn":[0.00643679746],"iteration":703,"passed_time":69.85029753,"remaining_time":29.3688751},
{"learn":[0.0064362093],"iteration":704,"passed_time":69.93909206,"remaining_time":29.26529384},
{"learn":[0.00643580797],"iteration":705,"passed_time":70.02103735,"remaining_time":29.15890224},
{"learn":[0.006435477632],"iteration":706,"passed_time":70.11079197,"remaining_time":29.05581619},
{"learn":[0.006434986908],"iteration":707,"passed_time":70.22455735,"remaining_time":28.96267055},
{"learn":[0.006434632323],"iteration":708,"passed_time":70.30750994,"remaining_time":28.85682002},
{"learn":[0.006434229633],"iteration":709,"passed_time":70.38087188,"remaining_time":28.74711668},
{"learn":[0.006433760606],"iteration":710,"passed_time":70.44999325,"remaining_time":28.63579191},
{"learn":[0.006433371939],"iteration":711,"passed_time":70.5311698,"remaining_time":28.52946194},
{"learn":[0.00643295711],"iteration":712,"passed_time":70.63952759,"remaining_time":28.43414365},
{"learn":[0.006432556449],"iteration":713,"passed_time":70.7137873,"remaining_time":28.32513049},
{"learn":[0.006432250938],"iteration":714,"passed_time":70.79383223,"remaining_time":28.21852054},
{"learn":[0.006431796849],"iteration":715,"passed_time":70.87879825,"remaining_time":28.11393673},
{"learn":[0.006431547216],"iteration":716,"passed_time":70.97645241,"remaining_time":28.01441566},
{"learn":[0.006430939656],"iteration":717,"passed_time":71.0810405,"remaining_time":27.91762315},
{"learn":[0.006430590485],"iteration":718,"passed_time":71.19765072,"remaining_time":27.82550744},
{"learn":[0.006430150471],"iteration":719,"passed_time":71.27782512,"remaining_time":27.71915421},
{"learn":[0.00642998486],"iteration":720,"passed_time":71.37060897,"remaining_time":27.61775298},
{"learn":[0.006429900428],"iteration":721,"passed_time":71.44327224,"remaining_time":27.50862837},
{"learn":[0.006429567208],"iteration":722,"passed_time":71.54296244,"remaining_time":27.40995933},
{"learn":[0.006429113952],"iteration":723,"passed_time":71.61796179,"remaining_time":27.30187493},
{"learn":[0.006428739266],"iteration":724,"passed_time":71.71733163,"remaining_time":27.20312579},
{"learn":[0.006428432481],"iteration":725,"passed_time":71.78629671,"remaining_time":27.09289986},
{"learn":[0.006427949195],"iteration":726,"passed_time":71.85929764,"remaining_time":26.98430297},
{"learn":[0.006427684742],"iteration":727,"passed_time":71.95371426,"remaining_time":26.88380533},
{"learn":[0.00642738464],"iteration":728,"passed_time":72.04961204,"remaining_time":26.78387498},
{"learn":[0.006426747831],"iteration":729,"passed_time":72.13931549,"remaining_time":26.68166463},
{"learn":[0.006426491722],"iteration":730,"passed_time":72.2826329,"remaining_time":26.59921785},
{"learn":[0.006426166845],"iteration":731,"passed_time":72.3763995,"remaining_time":26.49846321},
{"learn":[0.006425677381],"iteration":732,"passed_time":72.46846739,"remaining_time":26.39710886},
{"learn":[0.006425153278],"iteration":733,"passed_time":72.55607465,"remaining_time":26.29416329},
{"learn":[0.006424857279],"iteration":734,"passed_time":72.63294405,"remaining_time":26.18738799},
{"learn":[0.006424342486],"iteration":735,"passed_time":72.73988466,"remaining_time":26.09148037},
{"learn":[0.006424069194],"iteration":736,"passed_time":72.8225808,"remaining_time":25.98689111},
{"learn":[0.006423642246],"iteration":737,"passed_time":72.90188582,"remaining_time":25.88115729},
{"learn":[0.006423293347],"iteration":738,"passed_time":72.99730411,"remaining_time":25.78118589},
{"learn":[0.006422861136],"iteration":739,"passed_time":73.06763797,"remaining_time":25.67241334},
{"learn":[0.006422552234],"iteration":740,"passed_time":73.17971193,"remaining_time":25.57833386},
{"learn":[0.006422161966],"iteration":741,"passed_time":73.25837709,"remaining_time":25.47258934},
{"learn":[0.006421656407],"iteration":742,"passed_time":73.38308625,"remaining_time":25.3828441},
{"learn":[0.006421295303],"iteration":743,"passed_time":73.46346371,"remaining_time":25.27775095},
{"learn":[0.006420970436],"iteration":744,"passed_time":73.55752948,"remaining_time":25.17740942},
{"learn":[0.00642069667],"iteration":745,"passed_time":73.64626916,"remaining_time":25.07527127},
{"learn":[0.006420223449],"iteration":746,"passed_time":73.7403775,"remaining_time":24.97498729},
{"learn":[0.006419937392],"iteration":747,"passed_time":73.82464312,"remaining_time":24.87140383},
{"learn":[0.006419561728],"iteration":748,"passed_time":73.92897161,"remaining_time":24.77459529},
{"learn":[0.006419230716],"iteration":749,"passed_time":73.99744314,"remaining_time":24.66581438},
{"learn":[0.006418584684],"iteration":750,"passed_time":74.08712783,"remaining_time":24.56417421},
{"learn":[0.006418270803],"iteration":751,"passed_time":74.21386534,"remaining_time":24.47478538},
{"learn":[0.006417970679],"iteration":752,"passed_time":74.31003812,"remaining_time":24.37527147},
{"learn":[0.006417674075],"iteration":753,"passed_time":74.39475728,"remaining_time":24.27202956},
{"learn":[0.006417472711],"iteration":754,"passed_time":74.4442923,"remaining_time":24.15741936},
{"learn":[0.006417001962],"iteration":755,"passed_time":74.5360575,"remaining_time":24.05661115},
{"learn":[0.006416764051],"iteration":756,"passed_time":74.62345047,"remaining_time":23.95442333},
{"learn":[0.00641648617],"iteration":757,"passed_time":74.72183952,"remaining_time":23.85578518},
{"learn":[0.006416080661],"iteration":758,"passed_time":74.82652886,"remaining_time":23.75914816},
{"learn":[0.006415774876],"iteration":759,"passed_time":74.94362317,"remaining_time":23.66640732},
{"learn":[0.006415587435],"iteration":760,"passed_time":75.01584657,"remaining_time":23.55951029},
{"learn":[0.006415128661],"iteration":761,"passed_time":75.08937336,"remaining_time":23.45311136},
{"learn":[0.006414461838],"iteration":762,"passed_time":75.15931944,"remaining_time":23.34568638},
{"learn":[0.006414215948],"iteration":763,"passed_time":75.20191614,"remaining_time":23.22991127},
{"learn":[0.00641379567],"iteration":764,"passed_time":75.24800077,"remaining_time":23.11539893},
{"learn":[0.006413296348],"iteration":765,"passed_time":75.36313505,"remaining_time":23.02215875},
{"learn":[0.006412764307],"iteration":766,"passed_time":75.47351924,"remaining_time":22.92741849},
{"learn":[0.006412320842],"iteration":767,"passed_time":75.55727026,"remaining_time":22.82459206},
{"learn":[0.006411935559],"iteration":768,"passed_time":75.65554932,"remaining_time":22.72617932},
{"learn":[0.00641151761],"iteration":769,"passed_time":75.77250696,"remaining_time":22.63334623},
{"learn":[0.006411261849],"iteration":770,"passed_time":75.87745244,"remaining_time":22.53688276},
{"learn":[0.006411148786],"iteration":771,"passed_time":75.9534074,"remaining_time":22.43183535},
{"learn":[0.006410639384],"iteration":772,"passed_time":76.04711022,"remaining_time":22.33207506},
{"learn":[0.006410381404],"iteration":773,"passed_time":76.17089946,"remaining_time":22.24111535},
{"learn":[0.006410282074],"iteration":774,"passed_time":76.26141766,"remaining_time":22.14041158},
{"learn":[0.006410111131],"iteration":775,"passed_time":76.38782641,"remaining_time":22.05009422},
{"learn":[0.006409616269],"iteration":776,"passed_time":76.48742631,"remaining_time":21.95198979},
{"learn":[0.006409394467],"iteration":777,"passed_time":76.56992057,"remaining_time":21.84900047},
{"learn":[0.006408901188],"iteration":778,"passed_time":76.65882786,"remaining_time":21.74788313},
{"learn":[0.00640866657],"iteration":779,"passed_time":76.7206869,"remaining_time":21.6391681},
{"learn":[0.006408197554],"iteration":780,"passed_time":76.79727483,"remaining_time":21.53470319},
{"learn":[0.006407985232],"iteration":781,"passed_time":76.87630753,"remaining_time":21.4309911},
{"learn":[0.006407918731],"iteration":782,"passed_time":76.95361585,"remaining_time":21.32686416},
{"learn":[0.006407336344],"iteration":783,"passed_time":77.05822635,"remaining_time":21.23032767},
{"learn":[0.0064069142],"iteration":784,"passed_time":77.19321302,"remaining_time":21.14209019},
{"learn":[0.006406304496],"iteration":785,"passed_time":77.32761724,"remaining_time":21.05357518},
{"learn":[0.00640612637],"iteration":786,"passed_time":77.47097479,"remaining_time":20.96736675},
{"learn":[0.006405962175],"iteration":787,"passed_time":77.6404936,"remaining_time":20.88805158},
{"learn":[0.006405501584],"iteration":788,"passed_time":77.76625238,"remaining_time":20.79680514},
{"learn":[0.006405392458],"iteration":789,"passed_time":77.90817343,"remaining_time":20.70976762},
{"learn":[0.006405164196],"iteration":790,"passed_time":78.13447741,"remaining_time":20.64488721},
{"learn":[0.006404861782],"iteration":791,"passed_time":78.37150729,"remaining_time":20.58241606},
{"learn":[0.006404673306],"iteration":792,"passed_time":78.5401212,"remaining_time":20.50164576},
{"learn":[0.006404298464],"iteration":793,"passed_time":78.70128579,"remaining_time":20.4187215},
{"learn":[0.006404066938],"iteration":794,"passed_time":78.87485557,"remaining_time":20.33879924},
{"learn":[0.006403834245],"iteration":795,"passed_time":79.03474878,"remaining_time":20.25513662},
{"learn":[0.006403424884],"iteration":796,"passed_time":79.23502362,"remaining_time":20.18156812},
{"learn":[0.006402869491],"iteration":797,"passed_time":79.33955988,"remaining_time":20.08344749},
{"learn":[0.006402571555],"iteration":798,"passed_time":79.44441607,"remaining_time":19.98539128},
{"learn":[0.006402041587],"iteration":799,"passed_time":79.60810686,"remaining_time":19.90202672},
{"learn":[0.006401581809],"iteration":800,"passed_time":79.72823434,"remaining_time":19.80763874},
{"learn":[0.006401055429],"iteration":801,"passed_time":79.83325541,"remaining_time":19.70945707},
{"learn":[0.006400931985],"iteration":802,"passed_time":79.98891152,"remaining_time":19.62368066},
{"learn":[0.006400617968],"iteration":803,"passed_time":80.14634287,"remaining_time":19.53816319},
{"learn":[0.006400421735],"iteration":804,"passed_time":80.32273777,"remaining_time":19.4570607},
{"learn":[0.006400215387],"iteration":805,"passed_time":80.5073575,"remaining_time":19.37770143},
{"learn":[0.006399156951],"iteration":806,"passed_time":80.63938881,"remaining_time":19.28550439},
{"learn":[0.006398695299],"iteration":807,"passed_time":80.80357408,"remaining_time":19.20084929},
{"learn":[0.006398492932],"iteration":808,"passed_time":81.01548099,"remaining_time":19.12726436},
{"learn":[0.006398281936],"iteration":809,"passed_time":81.17025914,"remaining_time":19.03993733},
{"learn":[0.006397923348],"iteration":810,"passed_time":81.2739118,"remaining_time":18.94052938},
{"learn":[0.006397627912],"iteration":811,"passed_time":81.41805408,"remaining_time":18.85048543},
{"learn":[0.006397319664],"iteration":812,"passed_time":81.57681863,"remaining_time":18.76367169},
{"learn":[0.006397064618],"iteration":813,"passed_time":81.74844274,"remaining_time":18.67961959},
{"learn":[0.006396591259],"iteration":814,"passed_time":81.9322137,"remaining_time":18.59810986},
{"learn":[0.006396127753],"iteration":815,"passed_time":82.12135835,"remaining_time":18.5175612},
{"learn":[0.006395978365],"iteration":816,"passed_time":82.22719271,"remaining_time":18.418086},
{"learn":[0.006395695064],"iteration":817,"passed_time":82.34375993,"remaining_time":18.32098326},
{"learn":[0.00639551788],"iteration":818,"passed_time":82.50076197,"remaining_time":18.23276913},
{"learn":[0.006395166736],"iteration":819,"passed_time":82.60808665,"remaining_time":18.13348244},
{"learn":[0.006394708666],"iteration":820,"passed_time":82.77961782,"remaining_time":18.0481749},
{"learn":[0.006394500724],"iteration":821,"passed_time":82.92316059,"remaining_time":17.95659682},
{"learn":[0.006394149934],"iteration":822,"passed_time":83.10265467,"remaining_time":17.87262439},
{"learn":[0.006393952077],"iteration":823,"passed_time":83.24692339,"remaining_time":17.78089626},
{"learn":[0.006393538474],"iteration":824,"passed_time":83.39335269,"remaining_time":17.68949906},
{"learn":[0.00639302883],"iteration":825,"passed_time":83.51792961,"remaining_time":17.59336532},
{"learn":[0.006392785166],"iteration":826,"passed_time":83.67477386,"remaining_time":17.50391279},
{"learn":[0.006392566009],"iteration":827,"passed_time":83.82607837,"remaining_time":17.41314671},
{"learn":[0.006392126667],"iteration":828,"passed_time":83.92905402,"remaining_time":17.31226567},
{"learn":[0.006391974802],"iteration":829,"passed_time":84.06437366,"remaining_time":17.21800424},
{"learn":[0.006391763996],"iteration":830,"passed_time":84.23784218,"remaining_time":17.13140232},
{"learn":[0.006391366494],"iteration":831,"passed_time":84.3840666,"remaining_time":17.03909037},
{"learn":[0.006391146747],"iteration":832,"passed_time":84.50039744,"remaining_time":16.94065591},
{"learn":[0.006390820853],"iteration":833,"passed_time":84.63224726,"remaining_time":16.84526744},
{"learn":[0.006390506731],"iteration":834,"passed_time":84.75248241,"remaining_time":16.74749652},
{"learn":[0.006390347734],"iteration":835,"passed_time":84.84801499,"remaining_time":16.64482591},
{"learn":[0.006390026768],"iteration":836,"passed_time":84.94113458,"remaining_time":16.54170243},
{"learn":[0.006389915847],"iteration":837,"passed_time":85.0390905,"remaining_time":16.43953778},
{"learn":[0.006389702901],"iteration":838,"passed_time":85.14323873,"remaining_time":16.33857144},
{"learn":[0.006389467711],"iteration":839,"passed_time":85.27270024,"remaining_time":16.24241909},
{"learn":[0.006388889699],"iteration":840,"passed_time":85.36971269,"remaining_time":16.1400527},
{"learn":[0.006388558786],"iteration":841,"passed_time":85.48554057,"remaining_time":16.0412297},
{"learn":[0.006388112171],"iteration":842,"passed_time":85.5913482,"remaining_time":15.9405002},
{"learn":[0.006387751661],"iteration":843,"passed_time":85.66528021,"remaining_time":15.83386696},
{"learn":[0.006387497442],"iteration":844,"passed_time":85.77283523,"remaining_time":15.73347865},
{"learn":[0.006387293033],"iteration":845,"passed_time":85.86047444,"remaining_time":15.62944807},
{"learn":[0.006387094241],"iteration":846,"passed_time":85.97402877,"remaining_time":15.53013743},
{"learn":[0.006386720652],"iteration":847,"passed_time":86.12590621,"remaining_time":15.43766243},
{"learn":[0.00638647603],"iteration":848,"passed_time":86.22232505,"remaining_time":15.33518384},
{"learn":[0.006385932176],"iteration":849,"passed_time":86.33662386,"remaining_time":15.2358748},
{"learn":[0.006385522454],"iteration":850,"passed_time":86.43325877,"remaining_time":15.13343779},
{"learn":[0.006385320406],"iteration":851,"passed_time":86.51847525,"remaining_time":15.02903091},
{"learn":[0.006385185991],"iteration":852,"passed_time":86.61924027,"remaining_time":14.92734856},
{"learn":[0.006384728115],"iteration":853,"passed_time":86.72030677,"remaining_time":14.82571989},
{"learn":[0.006384100884],"iteration":854,"passed_time":86.82463317,"remaining_time":14.72464539},
{"learn":[0.006383911912],"iteration":855,"passed_time":86.90813174,"remaining_time":14.62005955},
{"learn":[0.006383763028],"iteration":856,"passed_time":87.01472905,"remaining_time":14.51937719},
{"learn":[0.006383609895],"iteration":857,"passed_time":87.09852594,"remaining_time":14.41490756},
{"learn":[0.006383418529],"iteration":858,"passed_time":87.18031462,"remaining_time":14.31015642},
{"learn":[0.006383179459],"iteration":859,"passed_time":87.27581142,"remaining_time":14.20769023},
{"learn":[0.006382835857],"iteration":860,"passed_time":87.3577351,"remaining_time":14.10304899},
{"learn":[0.006381977689],"iteration":861,"passed_time":87.4447473,"remaining_time":13.99927509},
{"learn":[0.006381832642],"iteration":862,"passed_time":87.51808273,"remaining_time":13.89336887},
{"learn":[0.006381683655],"iteration":863,"passed_time":87.59185591,"remaining_time":13.78760695},
{"learn":[0.00638140308],"iteration":864,"passed_time":87.65477152,"remaining_time":13.68022446},
{"learn":[0.006381204037],"iteration":865,"passed_time":87.71685472,"remaining_time":13.57281586},
{"learn":[0.006380927052],"iteration":866,"passed_time":87.77545122,"remaining_time":13.46497695},
{"learn":[0.006380618232],"iteration":867,"passed_time":87.86216815,"remaining_time":13.36152787},
{"learn":[0.006380275831],"iteration":868,"passed_time":87.94187418,"remaining_time":13.25706043},
{"learn":[0.006379963571],"iteration":869,"passed_time":88.06737047,"remaining_time":13.15949214},
{"learn":[0.006379610352],"iteration":870,"passed_time":88.15948266,"remaining_time":13.05691534},
{"learn":[0.00637935493],"iteration":871,"passed_time":88.22434849,"remaining_time":12.95036308},
{"learn":[0.006379014072],"iteration":872,"passed_time":88.32823385,"remaining_time":12.8495827},
{"learn":[0.006378624238],"iteration":873,"passed_time":88.4484416,"remaining_time":12.75114833},
{"learn":[0.006378336155],"iteration":874,"passed_time":88.52847694,"remaining_time":12.64692528},
{"learn":[0.00637808037],"iteration":875,"passed_time":88.62290409,"remaining_time":12.54479464},
{"learn":[0.006377931855],"iteration":876,"passed_time":88.70151575,"remaining_time":12.44046344},
{"learn":[0.006377759018],"iteration":877,"passed_time":88.79258672,"remaining_time":12.33792207},
{"learn":[0.006377734492],"iteration":878,"passed_time":88.88631299,"remaining_time":12.23577232},
{"learn":[0.006377299338],"iteration":879,"passed_time":89.0545126,"remaining_time":12.14379717},
{"learn":[0.006377030637],"iteration":880,"passed_time":89.17553496,"remaining_time":12.04527657},
{"learn":[0.006376586476],"iteration":881,"passed_time":89.28137308,"remaining_time":11.9446735},
{"learn":[0.0063762812],"iteration":882,"passed_time":89.42153442,"remaining_time":11.84860649},
{"learn":[0.006375765448],"iteration":883,"passed_time":89.52063692,"remaining_time":11.7470519},
{"learn":[0.006375625027],"iteration":884,"passed_time":89.60301255,"remaining_time":11.64332931},
{"learn":[0.006375435909],"iteration":885,"passed_time":89.63031753,"remaining_time":11.53256907},
{"learn":[0.006375077326],"iteration":886,"passed_time":89.65809249,"remaining_time":11.42205688},
{"learn":[0.00637467095],"iteration":887,"passed_time":89.69211147,"remaining_time":11.31251856},
{"learn":[0.006374157113],"iteration":888,"passed_time":89.72759338,"remaining_time":11.20333281},
{"learn":[0.00637325124],"iteration":889,"passed_time":89.76492538,"remaining_time":11.09454134},
{"learn":[0.006372844321],"iteration":890,"passed_time":89.79618452,"remaining_time":10.98516735},
{"learn":[0.006372720798],"iteration":891,"passed_time":89.82568482,"remaining_time":10.87575556},
{"learn":[0.006372240832],"iteration":892,"passed_time":89.8586662,"remaining_time":10.76693985},
{"learn":[0.006372030051],"iteration":893,"passed_time":89.89088017,"remaining_time":10.65820279},
{"learn":[0.006371689568],"iteration":894,"passed_time":89.92114305,"remaining_time":10.54940784},
{"learn":[0.006371471261],"iteration":895,"passed_time":89.95120055,"remaining_time":10.44076435},
{"learn":[0.006371190663],"iteration":896,"passed_time":89.98808183,"remaining_time":10.33307963},
{"learn":[0.006370791235],"iteration":897,"passed_time":90.01681377,"remaining_time":10.22462695},
{"learn":[0.006370527786],"iteration":898,"passed_time":90.04098765,"remaining_time":10.11583955},
{"learn":[0.006370224072],"iteration":899,"passed_time":90.06915895,"remaining_time":10.00768433},
{"learn":[0.006370046706],"iteration":900,"passed_time":90.10390833,"remaining_time":9.90042944},
{"learn":[0.006369783864],"iteration":901,"passed_time":90.13338662,"remaining_time":9.792762626},
{"learn":[0.006369688681],"iteration":902,"passed_time":90.17180336,"remaining_time":9.686229153},
{"learn":[0.006369486926],"iteration":903,"passed_time":90.23024886,"remaining_time":9.58197333},
{"learn":[0.006369057753],"iteration":904,"passed_time":90.27389249,"remaining_time":9.476264958},
{"learn":[0.006368771112],"iteration":905,"passed_time":90.32243824,"remaining_time":9.371202201},
{"learn":[0.00636831996],"iteration":906,"passed_time":90.36357786,"remaining_time":9.265504676},
{"learn":[0.006368155638],"iteration":907,"passed_time":90.40610315,"remaining_time":9.160089747},
{"learn":[0.006367719578],"iteration":908,"passed_time":90.45487677,"remaining_time":9.055438709},
{"learn":[0.006367518354],"iteration":909,"passed_time":90.49400955,"remaining_time":8.949956989},
{"learn":[0.006366939241],"iteration":910,"passed_time":90.58065967,"remaining_time":8.849263129},
{"learn":[0.006366639947],"iteration":911,"passed_time":90.71792747,"remaining_time":8.753484229},
{"learn":[0.006366438822],"iteration":912,"passed_time":90.84720308,"remaining_time":8.656852868},
{"learn":[0.006366271677],"iteration":913,"passed_time":91.03006963,"remaining_time":8.565192547},
{"learn":[0.006365886492],"iteration":914,"passed_time":91.11455309,"remaining_time":8.464193456},
{"learn":[0.006365679793],"iteration":915,"passed_time":91.25515187,"remaining_time":8.368376372},
{"learn":[0.006365361327],"iteration":916,"passed_time":91.30864969,"remaining_time":8.264577889},
{"learn":[0.006365081196],"iteration":917,"passed_time":91.35687178,"remaining_time":8.160417741},
{"learn":[0.006364793329],"iteration":918,"passed_time":91.39921423,"remaining_time":8.055861102},
{"learn":[0.006364733856],"iteration":919,"passed_time":91.43968774,"remaining_time":7.951277194},
{"learn":[0.006364291798],"iteration":920,"passed_time":91.48383973,"remaining_time":7.847148033},
{"learn":[0.006364034891],"iteration":921,"passed_time":91.52190089,"remaining_time":7.742633698},
{"learn":[0.006363543306],"iteration":922,"passed_time":91.55475283,"remaining_time":7.637828785},
{"learn":[0.006363172494],"iteration":923,"passed_time":91.59760504,"remaining_time":7.534002146},
{"learn":[0.006362987788],"iteration":924,"passed_time":91.63663767,"remaining_time":7.429997649},
{"learn":[0.006362888199],"iteration":925,"passed_time":91.6737402,"remaining_time":7.325979238},
{"learn":[0.006362479551],"iteration":926,"passed_time":91.91271862,"remaining_time":7.238002653},
{"learn":[0.006362155013],"iteration":927,"passed_time":92.15623689,"remaining_time":7.150052862},
{"learn":[0.006362103531],"iteration":928,"passed_time":92.31893089,"remaining_time":7.055591058},
{"learn":[0.006361741442],"iteration":929,"passed_time":92.54140105,"remaining_time":6.965481799},
{"learn":[0.006361571934],"iteration":930,"passed_time":92.80877384,"remaining_time":6.878416106},
{"learn":[0.006361410226],"iteration":931,"passed_time":93.02836836,"remaining_time":6.78747752},
{"learn":[0.006361151183],"iteration":932,"passed_time":93.15019251,"remaining_time":6.689242121},
{"learn":[0.006360719845],"iteration":933,"passed_time":93.35366027,"remaining_time":6.596725458},
{"learn":[0.006360495757],"iteration":934,"passed_time":93.49962915,"remaining_time":6.499974219},
{"learn":[0.006360320047],"iteration":935,"passed_time":93.5671058,"remaining_time":6.397750824},
{"learn":[0.006360106401],"iteration":936,"passed_time":93.8033872,"remaining_time":6.306951327},
{"learn":[0.006359908787],"iteration":937,"passed_time":94.23914143,"remaining_time":6.229026406},
{"learn":[0.006359758872],"iteration":938,"passed_time":94.4182834,"remaining_time":6.133669103},
{"learn":[0.006359448782],"iteration":939,"passed_time":94.54198335,"remaining_time":6.034594682},
{"learn":[0.006359218153],"iteration":940,"passed_time":94.58561103,"remaining_time":5.93044745},
{"learn":[0.006358928439],"iteration":941,"passed_time":94.6258707,"remaining_time":5.826221338},
{"learn":[0.006358727293],"iteration":942,"passed_time":94.66547706,"remaining_time":5.722091403},
{"learn":[0.006358566692],"iteration":943,"passed_time":94.70304963,"remaining_time":5.61797752},
{"learn":[0.006358437831],"iteration":944,"passed_time":94.73673101,"remaining_time":5.513777995},
{"learn":[0.006358230386],"iteration":945,"passed_time":94.78235451,"remaining_time":5.410409243},
{"learn":[0.006358051911],"iteration":946,"passed_time":94.81660141,"remaining_time":5.306525739},
{"learn":[0.006357948363],"iteration":947,"passed_time":94.85404095,"remaining_time":5.202964271},
{"learn":[0.006357864063],"iteration":948,"passed_time":94.88098188,"remaining_time":5.098977952},
{"learn":[0.006357760639],"iteration":949,"passed_time":94.91012889,"remaining_time":4.995269941},
{"learn":[0.00635740618],"iteration":950,"passed_time":94.94164531,"remaining_time":4.89184082},
{"learn":[0.006357264452],"iteration":951,"passed_time":94.96658813,"remaining_time":4.788231334},
{"learn":[0.006357085349],"iteration":952,"passed_time":94.99023275,"remaining_time":4.684722916},
{"learn":[0.006356919243],"iteration":953,"passed_time":95.01684478,"remaining_time":4.581525011},
{"learn":[0.006356694686],"iteration":954,"passed_time":95.04188318,"remaining_time":4.478413343},
{"learn":[0.006356499543],"iteration":955,"passed_time":95.0679766,"remaining_time":4.375513568},
{"learn":[0.006355943679],"iteration":956,"passed_time":95.09646283,"remaining_time":4.27288182},
{"learn":[0.00635576792],"iteration":957,"passed_time":95.12435847,"remaining_time":4.170378973},
{"learn":[0.006355623394],"iteration":958,"passed_time":95.15112086,"remaining_time":4.067983269},
{"learn":[0.006354968868],"iteration":959,"passed_time":95.17566936,"remaining_time":3.96565289},
{"learn":[0.006354782765],"iteration":960,"passed_time":95.20134202,"remaining_time":3.863530009},
{"learn":[0.00635423503],"iteration":961,"passed_time":95.2287928,"remaining_time":3.761636306},
{"learn":[0.006353934391],"iteration":962,"passed_time":95.25818714,"remaining_time":3.659971884},
{"learn":[0.006353796316],"iteration":963,"passed_time":95.28601385,"remaining_time":3.558398857},
{"learn":[0.006353544451],"iteration":964,"passed_time":95.31314868,"remaining_time":3.456953579},
{"learn":[0.00635344265],"iteration":965,"passed_time":95.34448862,"remaining_time":3.355810159},
{"learn":[0.006353248524],"iteration":966,"passed_time":95.3805643,"remaining_time":3.254972722},
{"learn":[0.00635291102],"iteration":967,"passed_time":95.41057208,"remaining_time":3.154068499},
{"learn":[0.006352822263],"iteration":968,"passed_time":95.43501698,"remaining_time":3.053132638},
{"learn":[0.00635247974],"iteration":969,"passed_time":95.45782696,"remaining_time":2.952303926},
{"learn":[0.006352235741],"iteration":970,"passed_time":95.48768265,"remaining_time":2.851846341},
{"learn":[0.006352010791],"iteration":971,"passed_time":95.5156246,"remaining_time":2.751478898},
{"learn":[0.006351906182],"iteration":972,"passed_time":95.56298256,"remaining_time":2.651799105},
{"learn":[0.006351807595],"iteration":973,"passed_time":95.58635187,"remaining_time":2.551586395},
{"learn":[0.00635120814],"iteration":974,"passed_time":95.61239471,"remaining_time":2.451599864},
{"learn":[0.006351120356],"iteration":975,"passed_time":95.64154997,"remaining_time":2.351841393},
{"learn":[0.006350907592],"iteration":976,"passed_time":95.67585894,"remaining_time":2.252348777},
{"learn":[0.006350631378],"iteration":977,"passed_time":95.7095298,"remaining_time":2.152975108},
{"learn":[0.006350440744],"iteration":978,"passed_time":95.75207832,"remaining_time":2.053926093},
{"learn":[0.006350111788],"iteration":979,"passed_time":95.78658519,"remaining_time":1.954828269},
{"learn":[0.006349732472],"iteration":980,"passed_time":95.82710706,"remaining_time":1.855978628},
{"learn":[0.006349483789],"iteration":981,"passed_time":95.87065668,"remaining_time":1.757303279},
{"learn":[0.006349245745],"iteration":982,"passed_time":95.90583049,"remaining_time":1.658595237},
{"learn":[0.006349088454],"iteration":983,"passed_time":95.95730039,"remaining_time":1.560281307},
{"learn":[0.006349043414],"iteration":984,"passed_time":96.00023824,"remaining_time":1.461932562},
{"learn":[0.006348837201],"iteration":985,"passed_time":96.02570861,"remaining_time":1.363448195},
{"learn":[0.006348754582],"iteration":986,"passed_time":96.04562,"remaining_time":1.265038561},
{"learn":[0.006348575556],"iteration":987,"passed_time":96.0698242,"remaining_time":1.16683997},
{"learn":[0.006348246656],"iteration":988,"passed_time":96.09577153,"remaining_time":1.068810401},
{"learn":[0.006347997829],"iteration":989,"passed_time":96.12824639,"remaining_time":0.9709923878},
{"learn":[0.006347779192],"iteration":990,"passed_time":96.15947141,"remaining_time":0.8732948968},
{"learn":[0.006347654723],"iteration":991,"passed_time":96.19316794,"remaining_time":0.7757513544},
{"learn":[0.006347498526],"iteration":992,"passed_time":96.22158558,"remaining_time":0.6782991934},
{"learn":[0.006347289349],"iteration":993,"passed_time":96.25204727,"remaining_time":0.5809982732},
{"learn":[0.006347010855],"iteration":994,"passed_time":96.28458462,"remaining_time":0.4838421338},
{"learn":[0.006346709435],"iteration":995,"passed_time":96.31959194,"remaining_time":0.3868256704},
{"learn":[0.00634646814],"iteration":996,"passed_time":96.35755045,"remaining_time":0.2899424788},
{"learn":[0.006346196363],"iteration":997,"passed_time":96.39445751,"remaining_time":0.1931752655},
{"learn":[0.006345923055],"iteration":998,"passed_time":96.4193478,"remaining_time":0.09651586366},
{"learn":[0.006345771141],"iteration":999,"passed_time":96.44762715,"remaining_time":0}
]}]}ining_time":0}
]}